file_name;key_repr
xortool_out/0000.out;oo\\\x87\x90
xortool_out/0001.out;oo\\\x87\xa6
xortool_out/0002.out;oo\\\x87\xa9
xortool_out/0003.out;oo\\\x87\xa8
xortool_out/0004.out;oo\\\x87\xad
xortool_out/0005.out;oo\\\x87\xba
xortool_out/0006.out;oo\\\x87\xcb
xortool_out/0007.out;oo\\\x87\xdf
xortool_out/0008.out;oo\\\x87\xfd
xortool_out/0009.out;nn]\x86\x91
xortool_out/0010.out;nn]\x86\xa7
xortool_out/0011.out;nn]\x86\xa8
xortool_out/0012.out;nn]\x86\xa9
xortool_out/0013.out;nn]\x86\xac
xortool_out/0014.out;nn]\x86\xbb
xortool_out/0015.out;nn]\x86\xca
xortool_out/0016.out;nn]\x86\xde
xortool_out/0017.out;nn]\x86\xfc
xortool_out/0018.out;mm^\x85\x92
xortool_out/0019.out;mm^\x85\xa4
xortool_out/0020.out;mm^\x85\xab
xortool_out/0021.out;mm^\x85\xaa
xortool_out/0022.out;mm^\x85\xaf
xortool_out/0023.out;mm^\x85\xb8
xortool_out/0024.out;mm^\x85\xc9
xortool_out/0025.out;mm^\x85\xdd
xortool_out/0026.out;mm^\x85\xff
xortool_out/0027.out;ll_\x84\x93
xortool_out/0028.out;ll_\x84\xa5
xortool_out/0029.out;ll_\x84\xaa
xortool_out/0030.out;ll_\x84\xab
xortool_out/0031.out;ll_\x84\xae
xortool_out/0032.out;ll_\x84\xb9
xortool_out/0033.out;ll_\x84\xc8
xortool_out/0034.out;ll_\x84\xdc
xortool_out/0035.out;ll_\x84\xfe
xortool_out/0036.out;kkX\x83\x94
xortool_out/0037.out;kkX\x83\xa2
xortool_out/0038.out;kkX\x83\xad
xortool_out/0039.out;kkX\x83\xac
xortool_out/0040.out;kkX\x83\xa9
xortool_out/0041.out;kkX\x83\xbe
xortool_out/0042.out;kkX\x83\xcf
xortool_out/0043.out;kkX\x83\xdb
xortool_out/0044.out;kkX\x83\xf9
xortool_out/0045.out;jjY\x82\x95
xortool_out/0046.out;jjY\x82\xa3
xortool_out/0047.out;jjY\x82\xac
xortool_out/0048.out;jjY\x82\xad
xortool_out/0049.out;jjY\x82\xa8
xortool_out/0050.out;jjY\x82\xbf
xortool_out/0051.out;jjY\x82\xce
xortool_out/0052.out;jjY\x82\xda
xortool_out/0053.out;jjY\x82\xf8
xortool_out/0054.out;iiZ\x81\x96
xortool_out/0055.out;iiZ\x81\xa0
xortool_out/0056.out;iiZ\x81\xaf
xortool_out/0057.out;iiZ\x81\xae
xortool_out/0058.out;iiZ\x81\xab
xortool_out/0059.out;iiZ\x81\xbc
xortool_out/0060.out;iiZ\x81\xcd
xortool_out/0061.out;iiZ\x81\xd9
xortool_out/0062.out;iiZ\x81\xfb
xortool_out/0063.out;hh[\x80\x97
xortool_out/0064.out;hh[\x80\xa1
xortool_out/0065.out;hh[\x80\xae
xortool_out/0066.out;hh[\x80\xaf
xortool_out/0067.out;hh[\x80\xaa
xortool_out/0068.out;hh[\x80\xbd
xortool_out/0069.out;hh[\x80\xcc
xortool_out/0070.out;hh[\x80\xd8
xortool_out/0071.out;hh[\x80\xfa
xortool_out/0072.out;ggT\x8f\x98
xortool_out/0073.out;ggT\x8f\xae
xortool_out/0074.out;ggT\x8f\xa1
xortool_out/0075.out;ggT\x8f\xa0
xortool_out/0076.out;ggT\x8f\xa5
xortool_out/0077.out;ggT\x8f\xb2
xortool_out/0078.out;ggT\x8f\xc3
xortool_out/0079.out;ggT\x8f\xd7
xortool_out/0080.out;ggT\x8f\xf5
xortool_out/0081.out;ffU\x8e\x99
xortool_out/0082.out;ffU\x8e\xaf
xortool_out/0083.out;ffU\x8e\xa0
xortool_out/0084.out;ffU\x8e\xa1
xortool_out/0085.out;ffU\x8e\xa4
xortool_out/0086.out;ffU\x8e\xb3
xortool_out/0087.out;ffU\x8e\xc2
xortool_out/0088.out;ffU\x8e\xd6
xortool_out/0089.out;ffU\x8e\xf4
xortool_out/0090.out;eeV\x8d\x9a
xortool_out/0091.out;eeV\x8d\xac
xortool_out/0092.out;eeV\x8d\xa3
xortool_out/0093.out;eeV\x8d\xa2
xortool_out/0094.out;eeV\x8d\xa7
xortool_out/0095.out;eeV\x8d\xb0
xortool_out/0096.out;eeV\x8d\xc1
xortool_out/0097.out;eeV\x8d\xd5
xortool_out/0098.out;eeV\x8d\xf7
xortool_out/0099.out;ddW\x8c\x9b
xortool_out/0100.out;ddW\x8c\xad
xortool_out/0101.out;ddW\x8c\xa2
xortool_out/0102.out;ddW\x8c\xa3
xortool_out/0103.out;ddW\x8c\xa6
xortool_out/0104.out;ddW\x8c\xb1
xortool_out/0105.out;ddW\x8c\xc0
xortool_out/0106.out;ddW\x8c\xd4
xortool_out/0107.out;ddW\x8c\xf6
xortool_out/0108.out;ccP\x8b\x9c
xortool_out/0109.out;ccP\x8b\xaa
xortool_out/0110.out;ccP\x8b\xa5
xortool_out/0111.out;ccP\x8b\xa4
xortool_out/0112.out;ccP\x8b\xa1
xortool_out/0113.out;ccP\x8b\xb6
xortool_out/0114.out;ccP\x8b\xc7
xortool_out/0115.out;ccP\x8b\xd3
xortool_out/0116.out;ccP\x8b\xf1
xortool_out/0117.out;bbQ\x8a\x9d
xortool_out/0118.out;bbQ\x8a\xab
xortool_out/0119.out;bbQ\x8a\xa4
xortool_out/0120.out;bbQ\x8a\xa5
xortool_out/0121.out;bbQ\x8a\xa0
xortool_out/0122.out;bbQ\x8a\xb7
xortool_out/0123.out;bbQ\x8a\xc6
xortool_out/0124.out;bbQ\x8a\xd2
xortool_out/0125.out;bbQ\x8a\xf0
xortool_out/0126.out;aaR\x89\x9e
xortool_out/0127.out;aaR\x89\xa8
xortool_out/0128.out;aaR\x89\xa7
xortool_out/0129.out;aaR\x89\xa6
xortool_out/0130.out;aaR\x89\xa3
xortool_out/0131.out;aaR\x89\xb4
xortool_out/0132.out;aaR\x89\xc5
xortool_out/0133.out;aaR\x89\xd1
xortool_out/0134.out;aaR\x89\xf3
xortool_out/0135.out;``S\x88\x9f
xortool_out/0136.out;``S\x88\xa9
xortool_out/0137.out;``S\x88\xa6
xortool_out/0138.out;``S\x88\xa7
xortool_out/0139.out;``S\x88\xa2
xortool_out/0140.out;``S\x88\xb5
xortool_out/0141.out;``S\x88\xc4
xortool_out/0142.out;``S\x88\xd0
xortool_out/0143.out;``S\x88\xf2
xortool_out/0144.out;\x7f\x7fL\x97\x80
xortool_out/0145.out;\x7f\x7fL\x97\xb6
xortool_out/0146.out;\x7f\x7fL\x97\xb9
xortool_out/0147.out;\x7f\x7fL\x97\xb8
xortool_out/0148.out;\x7f\x7fL\x97\xbd
xortool_out/0149.out;\x7f\x7fL\x97\xaa
xortool_out/0150.out;\x7f\x7fL\x97\xdb
xortool_out/0151.out;\x7f\x7fL\x97\xcf
xortool_out/0152.out;\x7f\x7fL\x97\xed
xortool_out/0153.out;~~M\x96\x81
xortool_out/0154.out;~~M\x96\xb7
xortool_out/0155.out;~~M\x96\xb8
xortool_out/0156.out;~~M\x96\xb9
xortool_out/0157.out;~~M\x96\xbc
xortool_out/0158.out;~~M\x96\xab
xortool_out/0159.out;~~M\x96\xda
xortool_out/0160.out;~~M\x96\xce
xortool_out/0161.out;~~M\x96\xec
xortool_out/0162.out;}}N\x95\x82
xortool_out/0163.out;}}N\x95\xb4
xortool_out/0164.out;}}N\x95\xbb
xortool_out/0165.out;}}N\x95\xba
xortool_out/0166.out;}}N\x95\xbf
xortool_out/0167.out;}}N\x95\xa8
xortool_out/0168.out;}}N\x95\xd9
xortool_out/0169.out;}}N\x95\xcd
xortool_out/0170.out;}}N\x95\xef
xortool_out/0171.out;||O\x94\x83
xortool_out/0172.out;||O\x94\xb5
xortool_out/0173.out;||O\x94\xba
xortool_out/0174.out;||O\x94\xbb
xortool_out/0175.out;||O\x94\xbe
xortool_out/0176.out;||O\x94\xa9
xortool_out/0177.out;||O\x94\xd8
xortool_out/0178.out;||O\x94\xcc
xortool_out/0179.out;||O\x94\xee
xortool_out/0180.out;{{H\x93\x84
xortool_out/0181.out;{{H\x93\xb2
xortool_out/0182.out;{{H\x93\xbd
xortool_out/0183.out;{{H\x93\xbc
xortool_out/0184.out;{{H\x93\xb9
xortool_out/0185.out;{{H\x93\xae
xortool_out/0186.out;{{H\x93\xdf
xortool_out/0187.out;{{H\x93\xcb
xortool_out/0188.out;{{H\x93\xe9
xortool_out/0189.out;zzI\x92\x85
xortool_out/0190.out;zzI\x92\xb3
xortool_out/0191.out;zzI\x92\xbc
xortool_out/0192.out;zzI\x92\xbd
xortool_out/0193.out;zzI\x92\xb8
xortool_out/0194.out;zzI\x92\xaf
xortool_out/0195.out;zzI\x92\xde
xortool_out/0196.out;zzI\x92\xca
xortool_out/0197.out;zzI\x92\xe8
xortool_out/0198.out;yyJ\x91\x86
xortool_out/0199.out;yyJ\x91\xb0
xortool_out/0200.out;yyJ\x91\xbf
xortool_out/0201.out;yyJ\x91\xbe
xortool_out/0202.out;yyJ\x91\xbb
xortool_out/0203.out;yyJ\x91\xac
xortool_out/0204.out;yyJ\x91\xdd
xortool_out/0205.out;yyJ\x91\xc9
xortool_out/0206.out;yyJ\x91\xeb
xortool_out/0207.out;xxK\x90\x87
xortool_out/0208.out;xxK\x90\xb1
xortool_out/0209.out;xxK\x90\xbe
xortool_out/0210.out;xxK\x90\xbf
xortool_out/0211.out;xxK\x90\xba
xortool_out/0212.out;xxK\x90\xad
xortool_out/0213.out;xxK\x90\xdc
xortool_out/0214.out;xxK\x90\xc8
xortool_out/0215.out;xxK\x90\xea
xortool_out/0216.out;wwD\x9f\x88
xortool_out/0217.out;wwD\x9f\xbe
xortool_out/0218.out;wwD\x9f\xb1
xortool_out/0219.out;wwD\x9f\xb0
xortool_out/0220.out;wwD\x9f\xb5
xortool_out/0221.out;wwD\x9f\xa2
xortool_out/0222.out;wwD\x9f\xd3
xortool_out/0223.out;wwD\x9f\xc7
xortool_out/0224.out;wwD\x9f\xe5
xortool_out/0225.out;vvE\x9e\x89
xortool_out/0226.out;vvE\x9e\xbf
xortool_out/0227.out;vvE\x9e\xb0
xortool_out/0228.out;vvE\x9e\xb1
xortool_out/0229.out;vvE\x9e\xb4
xortool_out/0230.out;vvE\x9e\xa3
xortool_out/0231.out;vvE\x9e\xd2
xortool_out/0232.out;vvE\x9e\xc6
xortool_out/0233.out;vvE\x9e\xe4
xortool_out/0234.out;uuF\x9d\x8a
xortool_out/0235.out;uuF\x9d\xbc
xortool_out/0236.out;uuF\x9d\xb3
xortool_out/0237.out;uuF\x9d\xb2
xortool_out/0238.out;uuF\x9d\xb7
xortool_out/0239.out;uuF\x9d\xa0
xortool_out/0240.out;uuF\x9d\xd1
xortool_out/0241.out;uuF\x9d\xc5
xortool_out/0242.out;uuF\x9d\xe7
xortool_out/0243.out;ttG\x9c\x8b
xortool_out/0244.out;ttG\x9c\xbd
xortool_out/0245.out;ttG\x9c\xb2
xortool_out/0246.out;ttG\x9c\xb3
xortool_out/0247.out;ttG\x9c\xb6
xortool_out/0248.out;ttG\x9c\xa1
xortool_out/0249.out;ttG\x9c\xd0
xortool_out/0250.out;ttG\x9c\xc4
xortool_out/0251.out;ttG\x9c\xe6
xortool_out/0252.out;ss@\x9b\x8c
xortool_out/0253.out;ss@\x9b\xba
xortool_out/0254.out;ss@\x9b\xb5
xortool_out/0255.out;ss@\x9b\xb4
xortool_out/0256.out;ss@\x9b\xb1
xortool_out/0257.out;ss@\x9b\xa6
xortool_out/0258.out;ss@\x9b\xd7
xortool_out/0259.out;ss@\x9b\xc3
xortool_out/0260.out;ss@\x9b\xe1
xortool_out/0261.out;rrA\x9a\x8d
xortool_out/0262.out;rrA\x9a\xbb
xortool_out/0263.out;rrA\x9a\xb4
xortool_out/0264.out;rrA\x9a\xb5
xortool_out/0265.out;rrA\x9a\xb0
xortool_out/0266.out;rrA\x9a\xa7
xortool_out/0267.out;rrA\x9a\xd6
xortool_out/0268.out;rrA\x9a\xc2
xortool_out/0269.out;rrA\x9a\xe0
xortool_out/0270.out;qqB\x99\x8e
xortool_out/0271.out;qqB\x99\xb8
xortool_out/0272.out;qqB\x99\xb7
xortool_out/0273.out;qqB\x99\xb6
xortool_out/0274.out;qqB\x99\xb3
xortool_out/0275.out;qqB\x99\xa4
xortool_out/0276.out;qqB\x99\xd5
xortool_out/0277.out;qqB\x99\xc1
xortool_out/0278.out;qqB\x99\xe3
xortool_out/0279.out;ppC\x98\x8f
xortool_out/0280.out;ppC\x98\xb9
xortool_out/0281.out;ppC\x98\xb6
xortool_out/0282.out;ppC\x98\xb7
xortool_out/0283.out;ppC\x98\xb2
xortool_out/0284.out;ppC\x98\xa5
xortool_out/0285.out;ppC\x98\xd4
xortool_out/0286.out;ppC\x98\xc0
xortool_out/0287.out;ppC\x98\xe2
xortool_out/0288.out;OO|\xa7\xb0
xortool_out/0289.out;OO|\xa7\x86
xortool_out/0290.out;OO|\xa7\x89
xortool_out/0291.out;OO|\xa7\x88
xortool_out/0292.out;OO|\xa7\x8d
xortool_out/0293.out;OO|\xa7\x9a
xortool_out/0294.out;OO|\xa7\xeb
xortool_out/0295.out;OO|\xa7\xff
xortool_out/0296.out;OO|\xa7\xdd
xortool_out/0297.out;NN}\xa6\xb1
xortool_out/0298.out;NN}\xa6\x87
xortool_out/0299.out;NN}\xa6\x88
xortool_out/0300.out;NN}\xa6\x89
xortool_out/0301.out;NN}\xa6\x8c
xortool_out/0302.out;NN}\xa6\x9b
xortool_out/0303.out;NN}\xa6\xea
xortool_out/0304.out;NN}\xa6\xfe
xortool_out/0305.out;NN}\xa6\xdc
xortool_out/0306.out;MM~\xa5\xb2
xortool_out/0307.out;MM~\xa5\x84
xortool_out/0308.out;MM~\xa5\x8b
xortool_out/0309.out;MM~\xa5\x8a
xortool_out/0310.out;MM~\xa5\x8f
xortool_out/0311.out;MM~\xa5\x98
xortool_out/0312.out;MM~\xa5\xe9
xortool_out/0313.out;MM~\xa5\xfd
xortool_out/0314.out;MM~\xa5\xdf
xortool_out/0315.out;LL\x7f\xa4\xb3
xortool_out/0316.out;LL\x7f\xa4\x85
xortool_out/0317.out;LL\x7f\xa4\x8a
xortool_out/0318.out;LL\x7f\xa4\x8b
xortool_out/0319.out;LL\x7f\xa4\x8e
xortool_out/0320.out;LL\x7f\xa4\x99
xortool_out/0321.out;LL\x7f\xa4\xe8
xortool_out/0322.out;LL\x7f\xa4\xfc
xortool_out/0323.out;LL\x7f\xa4\xde
xortool_out/0324.out;KKx\xa3\xb4
xortool_out/0325.out;KKx\xa3\x82
xortool_out/0326.out;KKx\xa3\x8d
xortool_out/0327.out;KKx\xa3\x8c
xortool_out/0328.out;KKx\xa3\x89
xortool_out/0329.out;KKx\xa3\x9e
xortool_out/0330.out;KKx\xa3\xef
xortool_out/0331.out;KKx\xa3\xfb
xortool_out/0332.out;KKx\xa3\xd9
xortool_out/0333.out;JJy\xa2\xb5
xortool_out/0334.out;JJy\xa2\x83
xortool_out/0335.out;JJy\xa2\x8c
xortool_out/0336.out;JJy\xa2\x8d
xortool_out/0337.out;JJy\xa2\x88
xortool_out/0338.out;JJy\xa2\x9f
xortool_out/0339.out;JJy\xa2\xee
xortool_out/0340.out;JJy\xa2\xfa
xortool_out/0341.out;JJy\xa2\xd8
xortool_out/0342.out;IIz\xa1\xb6
xortool_out/0343.out;IIz\xa1\x80
xortool_out/0344.out;IIz\xa1\x8f
xortool_out/0345.out;IIz\xa1\x8e
xortool_out/0346.out;IIz\xa1\x8b
xortool_out/0347.out;IIz\xa1\x9c
xortool_out/0348.out;IIz\xa1\xed
xortool_out/0349.out;IIz\xa1\xf9
xortool_out/0350.out;IIz\xa1\xdb
xortool_out/0351.out;HH{\xa0\xb7
xortool_out/0352.out;HH{\xa0\x81
xortool_out/0353.out;HH{\xa0\x8e
xortool_out/0354.out;HH{\xa0\x8f
xortool_out/0355.out;HH{\xa0\x8a
xortool_out/0356.out;HH{\xa0\x9d
xortool_out/0357.out;HH{\xa0\xec
xortool_out/0358.out;HH{\xa0\xf8
xortool_out/0359.out;HH{\xa0\xda
xortool_out/0360.out;GGt\xaf\xb8
xortool_out/0361.out;GGt\xaf\x8e
xortool_out/0362.out;GGt\xaf\x81
xortool_out/0363.out;GGt\xaf\x80
xortool_out/0364.out;GGt\xaf\x85
xortool_out/0365.out;GGt\xaf\x92
xortool_out/0366.out;GGt\xaf\xe3
xortool_out/0367.out;GGt\xaf\xf7
xortool_out/0368.out;GGt\xaf\xd5
xortool_out/0369.out;FFu\xae\xb9
xortool_out/0370.out;FFu\xae\x8f
xortool_out/0371.out;FFu\xae\x80
xortool_out/0372.out;FFu\xae\x81
xortool_out/0373.out;FFu\xae\x84
xortool_out/0374.out;FFu\xae\x93
xortool_out/0375.out;FFu\xae\xe2
xortool_out/0376.out;FFu\xae\xf6
xortool_out/0377.out;FFu\xae\xd4
xortool_out/0378.out;EEv\xad\xba
xortool_out/0379.out;EEv\xad\x8c
xortool_out/0380.out;EEv\xad\x83
xortool_out/0381.out;EEv\xad\x82
xortool_out/0382.out;EEv\xad\x87
xortool_out/0383.out;EEv\xad\x90
xortool_out/0384.out;EEv\xad\xe1
xortool_out/0385.out;EEv\xad\xf5
xortool_out/0386.out;EEv\xad\xd7
xortool_out/0387.out;DDw\xac\xbb
xortool_out/0388.out;DDw\xac\x8d
xortool_out/0389.out;DDw\xac\x82
xortool_out/0390.out;DDw\xac\x83
xortool_out/0391.out;DDw\xac\x86
xortool_out/0392.out;DDw\xac\x91
xortool_out/0393.out;DDw\xac\xe0
xortool_out/0394.out;DDw\xac\xf4
xortool_out/0395.out;DDw\xac\xd6
xortool_out/0396.out;CCp\xab\xbc
xortool_out/0397.out;CCp\xab\x8a
xortool_out/0398.out;CCp\xab\x85
xortool_out/0399.out;CCp\xab\x84
xortool_out/0400.out;CCp\xab\x81
xortool_out/0401.out;CCp\xab\x96
xortool_out/0402.out;CCp\xab\xe7
xortool_out/0403.out;CCp\xab\xf3
xortool_out/0404.out;CCp\xab\xd1
xortool_out/0405.out;BBq\xaa\xbd
xortool_out/0406.out;BBq\xaa\x8b
xortool_out/0407.out;BBq\xaa\x84
xortool_out/0408.out;BBq\xaa\x85
xortool_out/0409.out;BBq\xaa\x80
xortool_out/0410.out;BBq\xaa\x97
xortool_out/0411.out;BBq\xaa\xe6
xortool_out/0412.out;BBq\xaa\xf2
xortool_out/0413.out;BBq\xaa\xd0
xortool_out/0414.out;AAr\xa9\xbe
xortool_out/0415.out;AAr\xa9\x88
xortool_out/0416.out;AAr\xa9\x87
xortool_out/0417.out;AAr\xa9\x86
xortool_out/0418.out;AAr\xa9\x83
xortool_out/0419.out;AAr\xa9\x94
xortool_out/0420.out;AAr\xa9\xe5
xortool_out/0421.out;AAr\xa9\xf1
xortool_out/0422.out;AAr\xa9\xd3
xortool_out/0423.out;@@s\xa8\xbf
xortool_out/0424.out;@@s\xa8\x89
xortool_out/0425.out;@@s\xa8\x86
xortool_out/0426.out;@@s\xa8\x87
xortool_out/0427.out;@@s\xa8\x82
xortool_out/0428.out;@@s\xa8\x95
xortool_out/0429.out;@@s\xa8\xe4
xortool_out/0430.out;@@s\xa8\xf0
xortool_out/0431.out;@@s\xa8\xd2
xortool_out/0432.out;__l\xb7\xa0
xortool_out/0433.out;__l\xb7\x96
xortool_out/0434.out;__l\xb7\x99
xortool_out/0435.out;__l\xb7\x98
xortool_out/0436.out;__l\xb7\x9d
xortool_out/0437.out;__l\xb7\x8a
xortool_out/0438.out;__l\xb7\xfb
xortool_out/0439.out;__l\xb7\xef
xortool_out/0440.out;__l\xb7\xcd
xortool_out/0441.out;^^m\xb6\xa1
xortool_out/0442.out;^^m\xb6\x97
xortool_out/0443.out;^^m\xb6\x98
xortool_out/0444.out;^^m\xb6\x99
xortool_out/0445.out;^^m\xb6\x9c
xortool_out/0446.out;^^m\xb6\x8b
xortool_out/0447.out;^^m\xb6\xfa
xortool_out/0448.out;^^m\xb6\xee
xortool_out/0449.out;^^m\xb6\xcc
xortool_out/0450.out;]]n\xb5\xa2
xortool_out/0451.out;]]n\xb5\x94
xortool_out/0452.out;]]n\xb5\x9b
xortool_out/0453.out;]]n\xb5\x9a
xortool_out/0454.out;]]n\xb5\x9f
xortool_out/0455.out;]]n\xb5\x88
xortool_out/0456.out;]]n\xb5\xf9
xortool_out/0457.out;]]n\xb5\xed
xortool_out/0458.out;]]n\xb5\xcf
xortool_out/0459.out;\\\\o\xb4\xa3
xortool_out/0460.out;\\\\o\xb4\x95
xortool_out/0461.out;\\\\o\xb4\x9a
xortool_out/0462.out;\\\\o\xb4\x9b
xortool_out/0463.out;\\\\o\xb4\x9e
xortool_out/0464.out;\\\\o\xb4\x89
xortool_out/0465.out;\\\\o\xb4\xf8
xortool_out/0466.out;\\\\o\xb4\xec
xortool_out/0467.out;\\\\o\xb4\xce
xortool_out/0468.out;[[h\xb3\xa4
xortool_out/0469.out;[[h\xb3\x92
xortool_out/0470.out;[[h\xb3\x9d
xortool_out/0471.out;[[h\xb3\x9c
xortool_out/0472.out;[[h\xb3\x99
xortool_out/0473.out;[[h\xb3\x8e
xortool_out/0474.out;[[h\xb3\xff
xortool_out/0475.out;[[h\xb3\xeb
xortool_out/0476.out;[[h\xb3\xc9
xortool_out/0477.out;ZZi\xb2\xa5
xortool_out/0478.out;ZZi\xb2\x93
xortool_out/0479.out;ZZi\xb2\x9c
xortool_out/0480.out;ZZi\xb2\x9d
xortool_out/0481.out;ZZi\xb2\x98
xortool_out/0482.out;ZZi\xb2\x8f
xortool_out/0483.out;ZZi\xb2\xfe
xortool_out/0484.out;ZZi\xb2\xea
xortool_out/0485.out;ZZi\xb2\xc8
xortool_out/0486.out;YYj\xb1\xa6
xortool_out/0487.out;YYj\xb1\x90
xortool_out/0488.out;YYj\xb1\x9f
xortool_out/0489.out;YYj\xb1\x9e
xortool_out/0490.out;YYj\xb1\x9b
xortool_out/0491.out;YYj\xb1\x8c
xortool_out/0492.out;YYj\xb1\xfd
xortool_out/0493.out;YYj\xb1\xe9
xortool_out/0494.out;YYj\xb1\xcb
xortool_out/0495.out;XXk\xb0\xa7
xortool_out/0496.out;XXk\xb0\x91
xortool_out/0497.out;XXk\xb0\x9e
xortool_out/0498.out;XXk\xb0\x9f
xortool_out/0499.out;XXk\xb0\x9a
xortool_out/0500.out;XXk\xb0\x8d
xortool_out/0501.out;XXk\xb0\xfc
xortool_out/0502.out;XXk\xb0\xe8
xortool_out/0503.out;XXk\xb0\xca
xortool_out/0504.out;WWd\xbf\xa8
xortool_out/0505.out;WWd\xbf\x9e
xortool_out/0506.out;WWd\xbf\x91
xortool_out/0507.out;WWd\xbf\x90
xortool_out/0508.out;WWd\xbf\x95
xortool_out/0509.out;WWd\xbf\x82
xortool_out/0510.out;WWd\xbf\xf3
xortool_out/0511.out;WWd\xbf\xe7
xortool_out/0512.out;WWd\xbf\xc5
xortool_out/0513.out;VVe\xbe\xa9
xortool_out/0514.out;VVe\xbe\x9f
xortool_out/0515.out;VVe\xbe\x90
xortool_out/0516.out;VVe\xbe\x91
xortool_out/0517.out;VVe\xbe\x94
xortool_out/0518.out;VVe\xbe\x83
xortool_out/0519.out;VVe\xbe\xf2
xortool_out/0520.out;VVe\xbe\xe6
xortool_out/0521.out;VVe\xbe\xc4
xortool_out/0522.out;UUf\xbd\xaa
xortool_out/0523.out;UUf\xbd\x9c
xortool_out/0524.out;UUf\xbd\x93
xortool_out/0525.out;UUf\xbd\x92
xortool_out/0526.out;UUf\xbd\x97
xortool_out/0527.out;UUf\xbd\x80
xortool_out/0528.out;UUf\xbd\xf1
xortool_out/0529.out;UUf\xbd\xe5
xortool_out/0530.out;UUf\xbd\xc7
xortool_out/0531.out;TTg\xbc\xab
xortool_out/0532.out;TTg\xbc\x9d
xortool_out/0533.out;TTg\xbc\x92
xortool_out/0534.out;TTg\xbc\x93
xortool_out/0535.out;TTg\xbc\x96
xortool_out/0536.out;TTg\xbc\x81
xortool_out/0537.out;TTg\xbc\xf0
xortool_out/0538.out;TTg\xbc\xe4
xortool_out/0539.out;TTg\xbc\xc6
xortool_out/0540.out;SS`\xbb\xac
xortool_out/0541.out;SS`\xbb\x9a
xortool_out/0542.out;SS`\xbb\x95
xortool_out/0543.out;SS`\xbb\x94
xortool_out/0544.out;SS`\xbb\x91
xortool_out/0545.out;SS`\xbb\x86
xortool_out/0546.out;SS`\xbb\xf7
xortool_out/0547.out;SS`\xbb\xe3
xortool_out/0548.out;SS`\xbb\xc1
xortool_out/0549.out;RRa\xba\xad
xortool_out/0550.out;RRa\xba\x9b
xortool_out/0551.out;RRa\xba\x94
xortool_out/0552.out;RRa\xba\x95
xortool_out/0553.out;RRa\xba\x90
xortool_out/0554.out;RRa\xba\x87
xortool_out/0555.out;RRa\xba\xf6
xortool_out/0556.out;RRa\xba\xe2
xortool_out/0557.out;RRa\xba\xc0
xortool_out/0558.out;QQb\xb9\xae
xortool_out/0559.out;QQb\xb9\x98
xortool_out/0560.out;QQb\xb9\x97
xortool_out/0561.out;QQb\xb9\x96
xortool_out/0562.out;QQb\xb9\x93
xortool_out/0563.out;QQb\xb9\x84
xortool_out/0564.out;QQb\xb9\xf5
xortool_out/0565.out;QQb\xb9\xe1
xortool_out/0566.out;QQb\xb9\xc3
xortool_out/0567.out;PPc\xb8\xaf
xortool_out/0568.out;PPc\xb8\x99
xortool_out/0569.out;PPc\xb8\x96
xortool_out/0570.out;PPc\xb8\x97
xortool_out/0571.out;PPc\xb8\x92
xortool_out/0572.out;PPc\xb8\x85
xortool_out/0573.out;PPc\xb8\xf4
xortool_out/0574.out;PPc\xb8\xe0
xortool_out/0575.out;PPc\xb8\xc2
xortool_out/0576.out;\x2f\x2f\x1c\xc7\xd0
xortool_out/0577.out;\x2f\x2f\x1c\xc7\xe6
xortool_out/0578.out;\x2f\x2f\x1c\xc7\xe9
xortool_out/0579.out;\x2f\x2f\x1c\xc7\xe8
xortool_out/0580.out;\x2f\x2f\x1c\xc7\xed
xortool_out/0581.out;\x2f\x2f\x1c\xc7\xfa
xortool_out/0582.out;\x2f\x2f\x1c\xc7\x8b
xortool_out/0583.out;\x2f\x2f\x1c\xc7\x9f
xortool_out/0584.out;\x2f\x2f\x1c\xc7\xbd
xortool_out/0585.out;..\x1d\xc6\xd1
xortool_out/0586.out;..\x1d\xc6\xe7
xortool_out/0587.out;..\x1d\xc6\xe8
xortool_out/0588.out;..\x1d\xc6\xe9
xortool_out/0589.out;..\x1d\xc6\xec
xortool_out/0590.out;..\x1d\xc6\xfb
xortool_out/0591.out;..\x1d\xc6\x8a
xortool_out/0592.out;..\x1d\xc6\x9e
xortool_out/0593.out;..\x1d\xc6\xbc
xortool_out/0594.out;--\x1e\xc5\xd2
xortool_out/0595.out;--\x1e\xc5\xe4
xortool_out/0596.out;--\x1e\xc5\xeb
xortool_out/0597.out;--\x1e\xc5\xea
xortool_out/0598.out;--\x1e\xc5\xef
xortool_out/0599.out;--\x1e\xc5\xf8
xortool_out/0600.out;--\x1e\xc5\x89
xortool_out/0601.out;--\x1e\xc5\x9d
xortool_out/0602.out;--\x1e\xc5\xbf
xortool_out/0603.out;,,\x1f\xc4\xd3
xortool_out/0604.out;,,\x1f\xc4\xe5
xortool_out/0605.out;,,\x1f\xc4\xea
xortool_out/0606.out;,,\x1f\xc4\xeb
xortool_out/0607.out;,,\x1f\xc4\xee
xortool_out/0608.out;,,\x1f\xc4\xf9
xortool_out/0609.out;,,\x1f\xc4\x88
xortool_out/0610.out;,,\x1f\xc4\x9c
xortool_out/0611.out;,,\x1f\xc4\xbe
xortool_out/0612.out;++\x18\xc3\xd4
xortool_out/0613.out;++\x18\xc3\xe2
xortool_out/0614.out;++\x18\xc3\xed
xortool_out/0615.out;++\x18\xc3\xec
xortool_out/0616.out;++\x18\xc3\xe9
xortool_out/0617.out;++\x18\xc3\xfe
xortool_out/0618.out;++\x18\xc3\x8f
xortool_out/0619.out;++\x18\xc3\x9b
xortool_out/0620.out;++\x18\xc3\xb9
xortool_out/0621.out;**\x19\xc2\xd5
xortool_out/0622.out;**\x19\xc2\xe3
xortool_out/0623.out;**\x19\xc2\xec
xortool_out/0624.out;**\x19\xc2\xed
xortool_out/0625.out;**\x19\xc2\xe8
xortool_out/0626.out;**\x19\xc2\xff
xortool_out/0627.out;**\x19\xc2\x8e
xortool_out/0628.out;**\x19\xc2\x9a
xortool_out/0629.out;**\x19\xc2\xb8
xortool_out/0630.out;))\x1a\xc1\xd6
xortool_out/0631.out;))\x1a\xc1\xe0
xortool_out/0632.out;))\x1a\xc1\xef
xortool_out/0633.out;))\x1a\xc1\xee
xortool_out/0634.out;))\x1a\xc1\xeb
xortool_out/0635.out;))\x1a\xc1\xfc
xortool_out/0636.out;))\x1a\xc1\x8d
xortool_out/0637.out;))\x1a\xc1\x99
xortool_out/0638.out;))\x1a\xc1\xbb
xortool_out/0639.out;((\x1b\xc0\xd7
xortool_out/0640.out;((\x1b\xc0\xe1
xortool_out/0641.out;((\x1b\xc0\xee
xortool_out/0642.out;((\x1b\xc0\xef
xortool_out/0643.out;((\x1b\xc0\xea
xortool_out/0644.out;((\x1b\xc0\xfd
xortool_out/0645.out;((\x1b\xc0\x8c
xortool_out/0646.out;((\x1b\xc0\x98
xortool_out/0647.out;((\x1b\xc0\xba
xortool_out/0648.out;''\x14\xcf\xd8
xortool_out/0649.out;''\x14\xcf\xee
xortool_out/0650.out;''\x14\xcf\xe1
xortool_out/0651.out;''\x14\xcf\xe0
xortool_out/0652.out;''\x14\xcf\xe5
xortool_out/0653.out;''\x14\xcf\xf2
xortool_out/0654.out;''\x14\xcf\x83
xortool_out/0655.out;''\x14\xcf\x97
xortool_out/0656.out;''\x14\xcf\xb5
xortool_out/0657.out;&&\x15\xce\xd9
xortool_out/0658.out;&&\x15\xce\xef
xortool_out/0659.out;&&\x15\xce\xe0
xortool_out/0660.out;&&\x15\xce\xe1
xortool_out/0661.out;&&\x15\xce\xe4
xortool_out/0662.out;&&\x15\xce\xf3
xortool_out/0663.out;&&\x15\xce\x82
xortool_out/0664.out;&&\x15\xce\x96
xortool_out/0665.out;&&\x15\xce\xb4
xortool_out/0666.out;%%\x16\xcd\xda
xortool_out/0667.out;%%\x16\xcd\xec
xortool_out/0668.out;%%\x16\xcd\xe3
xortool_out/0669.out;%%\x16\xcd\xe2
xortool_out/0670.out;%%\x16\xcd\xe7
xortool_out/0671.out;%%\x16\xcd\xf0
xortool_out/0672.out;%%\x16\xcd\x81
xortool_out/0673.out;%%\x16\xcd\x95
xortool_out/0674.out;%%\x16\xcd\xb7
xortool_out/0675.out;$$\x17\xcc\xdb
xortool_out/0676.out;$$\x17\xcc\xed
xortool_out/0677.out;$$\x17\xcc\xe2
xortool_out/0678.out;$$\x17\xcc\xe3
xortool_out/0679.out;$$\x17\xcc\xe6
xortool_out/0680.out;$$\x17\xcc\xf1
xortool_out/0681.out;$$\x17\xcc\x80
xortool_out/0682.out;$$\x17\xcc\x94
xortool_out/0683.out;$$\x17\xcc\xb6
xortool_out/0684.out;##\x10\xcb\xdc
xortool_out/0685.out;##\x10\xcb\xea
xortool_out/0686.out;##\x10\xcb\xe5
xortool_out/0687.out;##\x10\xcb\xe4
xortool_out/0688.out;##\x10\xcb\xe1
xortool_out/0689.out;##\x10\xcb\xf6
xortool_out/0690.out;##\x10\xcb\x87
xortool_out/0691.out;##\x10\xcb\x93
xortool_out/0692.out;##\x10\xcb\xb1
xortool_out/0693.out;""\x11\xca\xdd
xortool_out/0694.out;""\x11\xca\xeb
xortool_out/0695.out;""\x11\xca\xe4
xortool_out/0696.out;""\x11\xca\xe5
xortool_out/0697.out;""\x11\xca\xe0
xortool_out/0698.out;""\x11\xca\xf7
xortool_out/0699.out;""\x11\xca\x86
xortool_out/0700.out;""\x11\xca\x92
xortool_out/0701.out;""\x11\xca\xb0
xortool_out/0702.out;!!\x12\xc9\xde
xortool_out/0703.out;!!\x12\xc9\xe8
xortool_out/0704.out;!!\x12\xc9\xe7
xortool_out/0705.out;!!\x12\xc9\xe6
xortool_out/0706.out;!!\x12\xc9\xe3
xortool_out/0707.out;!!\x12\xc9\xf4
xortool_out/0708.out;!!\x12\xc9\x85
xortool_out/0709.out;!!\x12\xc9\x91
xortool_out/0710.out;!!\x12\xc9\xb3
xortool_out/0711.out;  \x13\xc8\xdf
xortool_out/0712.out;  \x13\xc8\xe9
xortool_out/0713.out;  \x13\xc8\xe6
xortool_out/0714.out;  \x13\xc8\xe7
xortool_out/0715.out;  \x13\xc8\xe2
xortool_out/0716.out;  \x13\xc8\xf5
xortool_out/0717.out;  \x13\xc8\x84
xortool_out/0718.out;  \x13\xc8\x90
xortool_out/0719.out;  \x13\xc8\xb2
xortool_out/0720.out;??\x0c\xd7\xc0
xortool_out/0721.out;??\x0c\xd7\xf6
xortool_out/0722.out;??\x0c\xd7\xf9
xortool_out/0723.out;??\x0c\xd7\xf8
xortool_out/0724.out;??\x0c\xd7\xfd
xortool_out/0725.out;??\x0c\xd7\xea
xortool_out/0726.out;??\x0c\xd7\x9b
xortool_out/0727.out;??\x0c\xd7\x8f
xortool_out/0728.out;??\x0c\xd7\xad
xortool_out/0729.out;>>\r\xd6\xc1
xortool_out/0730.out;>>\r\xd6\xf7
xortool_out/0731.out;>>\r\xd6\xf8
xortool_out/0732.out;>>\r\xd6\xf9
xortool_out/0733.out;>>\r\xd6\xfc
xortool_out/0734.out;>>\r\xd6\xeb
xortool_out/0735.out;>>\r\xd6\x9a
xortool_out/0736.out;>>\r\xd6\x8e
xortool_out/0737.out;>>\r\xd6\xac
xortool_out/0738.out;==\x0e\xd5\xc2
xortool_out/0739.out;==\x0e\xd5\xf4
xortool_out/0740.out;==\x0e\xd5\xfb
xortool_out/0741.out;==\x0e\xd5\xfa
xortool_out/0742.out;==\x0e\xd5\xff
xortool_out/0743.out;==\x0e\xd5\xe8
xortool_out/0744.out;==\x0e\xd5\x99
xortool_out/0745.out;==\x0e\xd5\x8d
xortool_out/0746.out;==\x0e\xd5\xaf
xortool_out/0747.out;<<\x0f\xd4\xc3
xortool_out/0748.out;<<\x0f\xd4\xf5
xortool_out/0749.out;<<\x0f\xd4\xfa
xortool_out/0750.out;<<\x0f\xd4\xfb
xortool_out/0751.out;<<\x0f\xd4\xfe
xortool_out/0752.out;<<\x0f\xd4\xe9
xortool_out/0753.out;<<\x0f\xd4\x98
xortool_out/0754.out;<<\x0f\xd4\x8c
xortool_out/0755.out;<<\x0f\xd4\xae
xortool_out/0756.out;;;\x08\xd3\xc4
xortool_out/0757.out;;;\x08\xd3\xf2
xortool_out/0758.out;;;\x08\xd3\xfd
xortool_out/0759.out;;;\x08\xd3\xfc
xortool_out/0760.out;;;\x08\xd3\xf9
xortool_out/0761.out;;;\x08\xd3\xee
xortool_out/0762.out;;;\x08\xd3\x9f
xortool_out/0763.out;;;\x08\xd3\x8b
xortool_out/0764.out;;;\x08\xd3\xa9
xortool_out/0765.out;::\t\xd2\xc5
xortool_out/0766.out;::\t\xd2\xf3
xortool_out/0767.out;::\t\xd2\xfc
xortool_out/0768.out;::\t\xd2\xfd
xortool_out/0769.out;::\t\xd2\xf8
xortool_out/0770.out;::\t\xd2\xef
xortool_out/0771.out;::\t\xd2\x9e
xortool_out/0772.out;::\t\xd2\x8a
xortool_out/0773.out;::\t\xd2\xa8
xortool_out/0774.out;99\n\xd1\xc6
xortool_out/0775.out;99\n\xd1\xf0
xortool_out/0776.out;99\n\xd1\xff
xortool_out/0777.out;99\n\xd1\xfe
xortool_out/0778.out;99\n\xd1\xfb
xortool_out/0779.out;99\n\xd1\xec
xortool_out/0780.out;99\n\xd1\x9d
xortool_out/0781.out;99\n\xd1\x89
xortool_out/0782.out;99\n\xd1\xab
xortool_out/0783.out;88\x0b\xd0\xc7
xortool_out/0784.out;88\x0b\xd0\xf1
xortool_out/0785.out;88\x0b\xd0\xfe
xortool_out/0786.out;88\x0b\xd0\xff
xortool_out/0787.out;88\x0b\xd0\xfa
xortool_out/0788.out;88\x0b\xd0\xed
xortool_out/0789.out;88\x0b\xd0\x9c
xortool_out/0790.out;88\x0b\xd0\x88
xortool_out/0791.out;88\x0b\xd0\xaa
xortool_out/0792.out;77\x04\xdf\xc8
xortool_out/0793.out;77\x04\xdf\xfe
xortool_out/0794.out;77\x04\xdf\xf1
xortool_out/0795.out;77\x04\xdf\xf0
xortool_out/0796.out;77\x04\xdf\xf5
xortool_out/0797.out;77\x04\xdf\xe2
xortool_out/0798.out;77\x04\xdf\x93
xortool_out/0799.out;77\x04\xdf\x87
xortool_out/0800.out;77\x04\xdf\xa5
xortool_out/0801.out;66\x05\xde\xc9
xortool_out/0802.out;66\x05\xde\xff
xortool_out/0803.out;66\x05\xde\xf0
xortool_out/0804.out;66\x05\xde\xf1
xortool_out/0805.out;66\x05\xde\xf4
xortool_out/0806.out;66\x05\xde\xe3
xortool_out/0807.out;66\x05\xde\x92
xortool_out/0808.out;66\x05\xde\x86
xortool_out/0809.out;66\x05\xde\xa4
xortool_out/0810.out;55\x06\xdd\xca
xortool_out/0811.out;55\x06\xdd\xfc
xortool_out/0812.out;55\x06\xdd\xf3
xortool_out/0813.out;55\x06\xdd\xf2
xortool_out/0814.out;55\x06\xdd\xf7
xortool_out/0815.out;55\x06\xdd\xe0
xortool_out/0816.out;55\x06\xdd\x91
xortool_out/0817.out;55\x06\xdd\x85
xortool_out/0818.out;55\x06\xdd\xa7
xortool_out/0819.out;44\x07\xdc\xcb
xortool_out/0820.out;44\x07\xdc\xfd
xortool_out/0821.out;44\x07\xdc\xf2
xortool_out/0822.out;44\x07\xdc\xf3
xortool_out/0823.out;44\x07\xdc\xf6
xortool_out/0824.out;44\x07\xdc\xe1
xortool_out/0825.out;44\x07\xdc\x90
xortool_out/0826.out;44\x07\xdc\x84
xortool_out/0827.out;44\x07\xdc\xa6
xortool_out/0828.out;33\x00\xdb\xcc
xortool_out/0829.out;33\x00\xdb\xfa
xortool_out/0830.out;33\x00\xdb\xf5
xortool_out/0831.out;33\x00\xdb\xf4
xortool_out/0832.out;33\x00\xdb\xf1
xortool_out/0833.out;33\x00\xdb\xe6
xortool_out/0834.out;33\x00\xdb\x97
xortool_out/0835.out;33\x00\xdb\x83
xortool_out/0836.out;33\x00\xdb\xa1
xortool_out/0837.out;22\x01\xda\xcd
xortool_out/0838.out;22\x01\xda\xfb
xortool_out/0839.out;22\x01\xda\xf4
xortool_out/0840.out;22\x01\xda\xf5
xortool_out/0841.out;22\x01\xda\xf0
xortool_out/0842.out;22\x01\xda\xe7
xortool_out/0843.out;22\x01\xda\x96
xortool_out/0844.out;22\x01\xda\x82
xortool_out/0845.out;22\x01\xda\xa0
xortool_out/0846.out;11\x02\xd9\xce
xortool_out/0847.out;11\x02\xd9\xf8
xortool_out/0848.out;11\x02\xd9\xf7
xortool_out/0849.out;11\x02\xd9\xf6
xortool_out/0850.out;11\x02\xd9\xf3
xortool_out/0851.out;11\x02\xd9\xe4
xortool_out/0852.out;11\x02\xd9\x95
xortool_out/0853.out;11\x02\xd9\x81
xortool_out/0854.out;11\x02\xd9\xa3
xortool_out/0855.out;00\x03\xd8\xcf
xortool_out/0856.out;00\x03\xd8\xf9
xortool_out/0857.out;00\x03\xd8\xf6
xortool_out/0858.out;00\x03\xd8\xf7
xortool_out/0859.out;00\x03\xd8\xf2
xortool_out/0860.out;00\x03\xd8\xe5
xortool_out/0861.out;00\x03\xd8\x94
xortool_out/0862.out;00\x03\xd8\x80
xortool_out/0863.out;00\x03\xd8\xa2
xortool_out/0864.out;\x0f\x0f<\xe7\xf0
xortool_out/0865.out;\x0f\x0f<\xe7\xc6
xortool_out/0866.out;\x0f\x0f<\xe7\xc9
xortool_out/0867.out;\x0f\x0f<\xe7\xc8
xortool_out/0868.out;\x0f\x0f<\xe7\xcd
xortool_out/0869.out;\x0f\x0f<\xe7\xda
xortool_out/0870.out;\x0f\x0f<\xe7\xab
xortool_out/0871.out;\x0f\x0f<\xe7\xbf
xortool_out/0872.out;\x0f\x0f<\xe7\x9d
xortool_out/0873.out;\x0e\x0e=\xe6\xf1
xortool_out/0874.out;\x0e\x0e=\xe6\xc7
xortool_out/0875.out;\x0e\x0e=\xe6\xc8
xortool_out/0876.out;\x0e\x0e=\xe6\xc9
xortool_out/0877.out;\x0e\x0e=\xe6\xcc
xortool_out/0878.out;\x0e\x0e=\xe6\xdb
xortool_out/0879.out;\x0e\x0e=\xe6\xaa
xortool_out/0880.out;\x0e\x0e=\xe6\xbe
xortool_out/0881.out;\x0e\x0e=\xe6\x9c
xortool_out/0882.out;\r\r>\xe5\xf2
xortool_out/0883.out;\r\r>\xe5\xc4
xortool_out/0884.out;\r\r>\xe5\xcb
xortool_out/0885.out;\r\r>\xe5\xca
xortool_out/0886.out;\r\r>\xe5\xcf
xortool_out/0887.out;\r\r>\xe5\xd8
xortool_out/0888.out;\r\r>\xe5\xa9
xortool_out/0889.out;\r\r>\xe5\xbd
xortool_out/0890.out;\r\r>\xe5\x9f
xortool_out/0891.out;\x0c\x0c?\xe4\xf3
xortool_out/0892.out;\x0c\x0c?\xe4\xc5
xortool_out/0893.out;\x0c\x0c?\xe4\xca
xortool_out/0894.out;\x0c\x0c?\xe4\xcb
xortool_out/0895.out;\x0c\x0c?\xe4\xce
xortool_out/0896.out;\x0c\x0c?\xe4\xd9
xortool_out/0897.out;\x0c\x0c?\xe4\xa8
xortool_out/0898.out;\x0c\x0c?\xe4\xbc
xortool_out/0899.out;\x0c\x0c?\xe4\x9e
xortool_out/0900.out;\x0b\x0b8\xe3\xf4
xortool_out/0901.out;\x0b\x0b8\xe3\xc2
xortool_out/0902.out;\x0b\x0b8\xe3\xcd
xortool_out/0903.out;\x0b\x0b8\xe3\xcc
xortool_out/0904.out;\x0b\x0b8\xe3\xc9
xortool_out/0905.out;\x0b\x0b8\xe3\xde
xortool_out/0906.out;\x0b\x0b8\xe3\xaf
xortool_out/0907.out;\x0b\x0b8\xe3\xbb
xortool_out/0908.out;\x0b\x0b8\xe3\x99
xortool_out/0909.out;\n\n9\xe2\xf5
xortool_out/0910.out;\n\n9\xe2\xc3
xortool_out/0911.out;\n\n9\xe2\xcc
xortool_out/0912.out;\n\n9\xe2\xcd
xortool_out/0913.out;\n\n9\xe2\xc8
xortool_out/0914.out;\n\n9\xe2\xdf
xortool_out/0915.out;\n\n9\xe2\xae
xortool_out/0916.out;\n\n9\xe2\xba
xortool_out/0917.out;\n\n9\xe2\x98
xortool_out/0918.out;\t\t:\xe1\xf6
xortool_out/0919.out;\t\t:\xe1\xc0
xortool_out/0920.out;\t\t:\xe1\xcf
xortool_out/0921.out;\t\t:\xe1\xce
xortool_out/0922.out;\t\t:\xe1\xcb
xortool_out/0923.out;\t\t:\xe1\xdc
xortool_out/0924.out;\t\t:\xe1\xad
xortool_out/0925.out;\t\t:\xe1\xb9
xortool_out/0926.out;\t\t:\xe1\x9b
xortool_out/0927.out;\x08\x08;\xe0\xf7
xortool_out/0928.out;\x08\x08;\xe0\xc1
xortool_out/0929.out;\x08\x08;\xe0\xce
xortool_out/0930.out;\x08\x08;\xe0\xcf
xortool_out/0931.out;\x08\x08;\xe0\xca
xortool_out/0932.out;\x08\x08;\xe0\xdd
xortool_out/0933.out;\x08\x08;\xe0\xac
xortool_out/0934.out;\x08\x08;\xe0\xb8
xortool_out/0935.out;\x08\x08;\xe0\x9a
xortool_out/0936.out;\x07\x074\xef\xf8
xortool_out/0937.out;\x07\x074\xef\xce
xortool_out/0938.out;\x07\x074\xef\xc1
xortool_out/0939.out;\x07\x074\xef\xc0
xortool_out/0940.out;\x07\x074\xef\xc5
xortool_out/0941.out;\x07\x074\xef\xd2
xortool_out/0942.out;\x07\x074\xef\xa3
xortool_out/0943.out;\x07\x074\xef\xb7
xortool_out/0944.out;\x07\x074\xef\x95
xortool_out/0945.out;\x06\x065\xee\xf9
xortool_out/0946.out;\x06\x065\xee\xcf
xortool_out/0947.out;\x06\x065\xee\xc0
xortool_out/0948.out;\x06\x065\xee\xc1
xortool_out/0949.out;\x06\x065\xee\xc4
xortool_out/0950.out;\x06\x065\xee\xd3
xortool_out/0951.out;\x06\x065\xee\xa2
xortool_out/0952.out;\x06\x065\xee\xb6
xortool_out/0953.out;\x06\x065\xee\x94
xortool_out/0954.out;\x05\x056\xed\xfa
xortool_out/0955.out;\x05\x056\xed\xcc
xortool_out/0956.out;\x05\x056\xed\xc3
xortool_out/0957.out;\x05\x056\xed\xc2
xortool_out/0958.out;\x05\x056\xed\xc7
xortool_out/0959.out;\x05\x056\xed\xd0
xortool_out/0960.out;\x05\x056\xed\xa1
xortool_out/0961.out;\x05\x056\xed\xb5
xortool_out/0962.out;\x05\x056\xed\x97
xortool_out/0963.out;\x04\x047\xec\xfb
xortool_out/0964.out;\x04\x047\xec\xcd
xortool_out/0965.out;\x04\x047\xec\xc2
xortool_out/0966.out;\x04\x047\xec\xc3
xortool_out/0967.out;\x04\x047\xec\xc6
xortool_out/0968.out;\x04\x047\xec\xd1
xortool_out/0969.out;\x04\x047\xec\xa0
xortool_out/0970.out;\x04\x047\xec\xb4
xortool_out/0971.out;\x04\x047\xec\x96
xortool_out/0972.out;\x03\x030\xeb\xfc
xortool_out/0973.out;\x03\x030\xeb\xca
xortool_out/0974.out;\x03\x030\xeb\xc5
xortool_out/0975.out;\x03\x030\xeb\xc4
xortool_out/0976.out;\x03\x030\xeb\xc1
xortool_out/0977.out;\x03\x030\xeb\xd6
xortool_out/0978.out;\x03\x030\xeb\xa7
xortool_out/0979.out;\x03\x030\xeb\xb3
xortool_out/0980.out;\x03\x030\xeb\x91
xortool_out/0981.out;\x02\x021\xea\xfd
xortool_out/0982.out;\x02\x021\xea\xcb
xortool_out/0983.out;\x02\x021\xea\xc4
xortool_out/0984.out;\x02\x021\xea\xc5
xortool_out/0985.out;\x02\x021\xea\xc0
xortool_out/0986.out;\x02\x021\xea\xd7
xortool_out/0987.out;\x02\x021\xea\xa6
xortool_out/0988.out;\x02\x021\xea\xb2
xortool_out/0989.out;\x02\x021\xea\x90
xortool_out/0990.out;\x01\x012\xe9\xfe
xortool_out/0991.out;\x01\x012\xe9\xc8
xortool_out/0992.out;\x01\x012\xe9\xc7
xortool_out/0993.out;\x01\x012\xe9\xc6
xortool_out/0994.out;\x01\x012\xe9\xc3
xortool_out/0995.out;\x01\x012\xe9\xd4
xortool_out/0996.out;\x01\x012\xe9\xa5
xortool_out/0997.out;\x01\x012\xe9\xb1
xortool_out/0998.out;\x01\x012\xe9\x93
xortool_out/0999.out;\x00\x003\xe8\xff
xortool_out/1000.out;\x00\x003\xe8\xc9
xortool_out/1001.out;\x00\x003\xe8\xc6
xortool_out/1002.out;\x00\x003\xe8\xc7
xortool_out/1003.out;\x00\x003\xe8\xc2
xortool_out/1004.out;\x00\x003\xe8\xd5
xortool_out/1005.out;\x00\x003\xe8\xa4
xortool_out/1006.out;\x00\x003\xe8\xb0
xortool_out/1007.out;\x00\x003\xe8\x92
xortool_out/1008.out;\x1f\x1f,\xf7\xe0
xortool_out/1009.out;\x1f\x1f,\xf7\xd6
xortool_out/1010.out;\x1f\x1f,\xf7\xd9
xortool_out/1011.out;\x1f\x1f,\xf7\xd8
xortool_out/1012.out;\x1f\x1f,\xf7\xdd
xortool_out/1013.out;\x1f\x1f,\xf7\xca
xortool_out/1014.out;\x1f\x1f,\xf7\xbb
xortool_out/1015.out;\x1f\x1f,\xf7\xaf
xortool_out/1016.out;\x1f\x1f,\xf7\x8d
xortool_out/1017.out;\x1e\x1e-\xf6\xe1
xortool_out/1018.out;\x1e\x1e-\xf6\xd7
xortool_out/1019.out;\x1e\x1e-\xf6\xd8
xortool_out/1020.out;\x1e\x1e-\xf6\xd9
xortool_out/1021.out;\x1e\x1e-\xf6\xdc
xortool_out/1022.out;\x1e\x1e-\xf6\xcb
xortool_out/1023.out;\x1e\x1e-\xf6\xba
xortool_out/1024.out;\x1e\x1e-\xf6\xae
xortool_out/1025.out;\x1e\x1e-\xf6\x8c
xortool_out/1026.out;\x1d\x1d.\xf5\xe2
xortool_out/1027.out;\x1d\x1d.\xf5\xd4
xortool_out/1028.out;\x1d\x1d.\xf5\xdb
xortool_out/1029.out;\x1d\x1d.\xf5\xda
xortool_out/1030.out;\x1d\x1d.\xf5\xdf
xortool_out/1031.out;\x1d\x1d.\xf5\xc8
xortool_out/1032.out;\x1d\x1d.\xf5\xb9
xortool_out/1033.out;\x1d\x1d.\xf5\xad
xortool_out/1034.out;\x1d\x1d.\xf5\x8f
xortool_out/1035.out;\x1c\x1c\x2f\xf4\xe3
xortool_out/1036.out;\x1c\x1c\x2f\xf4\xd5
xortool_out/1037.out;\x1c\x1c\x2f\xf4\xda
xortool_out/1038.out;\x1c\x1c\x2f\xf4\xdb
xortool_out/1039.out;\x1c\x1c\x2f\xf4\xde
xortool_out/1040.out;\x1c\x1c\x2f\xf4\xc9
xortool_out/1041.out;\x1c\x1c\x2f\xf4\xb8
xortool_out/1042.out;\x1c\x1c\x2f\xf4\xac
xortool_out/1043.out;\x1c\x1c\x2f\xf4\x8e
xortool_out/1044.out;\x1b\x1b(\xf3\xe4
xortool_out/1045.out;\x1b\x1b(\xf3\xd2
xortool_out/1046.out;\x1b\x1b(\xf3\xdd
xortool_out/1047.out;\x1b\x1b(\xf3\xdc
xortool_out/1048.out;\x1b\x1b(\xf3\xd9
xortool_out/1049.out;\x1b\x1b(\xf3\xce
xortool_out/1050.out;\x1b\x1b(\xf3\xbf
xortool_out/1051.out;\x1b\x1b(\xf3\xab
xortool_out/1052.out;\x1b\x1b(\xf3\x89
xortool_out/1053.out;\x1a\x1a)\xf2\xe5
xortool_out/1054.out;\x1a\x1a)\xf2\xd3
xortool_out/1055.out;\x1a\x1a)\xf2\xdc
xortool_out/1056.out;\x1a\x1a)\xf2\xdd
xortool_out/1057.out;\x1a\x1a)\xf2\xd8
xortool_out/1058.out;\x1a\x1a)\xf2\xcf
xortool_out/1059.out;\x1a\x1a)\xf2\xbe
xortool_out/1060.out;\x1a\x1a)\xf2\xaa
xortool_out/1061.out;\x1a\x1a)\xf2\x88
xortool_out/1062.out;\x19\x19*\xf1\xe6
xortool_out/1063.out;\x19\x19*\xf1\xd0
xortool_out/1064.out;\x19\x19*\xf1\xdf
xortool_out/1065.out;\x19\x19*\xf1\xde
xortool_out/1066.out;\x19\x19*\xf1\xdb
xortool_out/1067.out;\x19\x19*\xf1\xcc
xortool_out/1068.out;\x19\x19*\xf1\xbd
xortool_out/1069.out;\x19\x19*\xf1\xa9
xortool_out/1070.out;\x19\x19*\xf1\x8b
xortool_out/1071.out;\x18\x18+\xf0\xe7
xortool_out/1072.out;\x18\x18+\xf0\xd1
xortool_out/1073.out;\x18\x18+\xf0\xde
xortool_out/1074.out;\x18\x18+\xf0\xdf
xortool_out/1075.out;\x18\x18+\xf0\xda
xortool_out/1076.out;\x18\x18+\xf0\xcd
xortool_out/1077.out;\x18\x18+\xf0\xbc
xortool_out/1078.out;\x18\x18+\xf0\xa8
xortool_out/1079.out;\x18\x18+\xf0\x8a
xortool_out/1080.out;\x17\x17$\xff\xe8
xortool_out/1081.out;\x17\x17$\xff\xde
xortool_out/1082.out;\x17\x17$\xff\xd1
xortool_out/1083.out;\x17\x17$\xff\xd0
xortool_out/1084.out;\x17\x17$\xff\xd5
xortool_out/1085.out;\x17\x17$\xff\xc2
xortool_out/1086.out;\x17\x17$\xff\xb3
xortool_out/1087.out;\x17\x17$\xff\xa7
xortool_out/1088.out;\x17\x17$\xff\x85
xortool_out/1089.out;\x16\x16%\xfe\xe9
xortool_out/1090.out;\x16\x16%\xfe\xdf
xortool_out/1091.out;\x16\x16%\xfe\xd0
xortool_out/1092.out;\x16\x16%\xfe\xd1
xortool_out/1093.out;\x16\x16%\xfe\xd4
xortool_out/1094.out;\x16\x16%\xfe\xc3
xortool_out/1095.out;\x16\x16%\xfe\xb2
xortool_out/1096.out;\x16\x16%\xfe\xa6
xortool_out/1097.out;\x16\x16%\xfe\x84
xortool_out/1098.out;\x15\x15&\xfd\xea
xortool_out/1099.out;\x15\x15&\xfd\xdc
xortool_out/1100.out;\x15\x15&\xfd\xd3
xortool_out/1101.out;\x15\x15&\xfd\xd2
xortool_out/1102.out;\x15\x15&\xfd\xd7
xortool_out/1103.out;\x15\x15&\xfd\xc0
xortool_out/1104.out;\x15\x15&\xfd\xb1
xortool_out/1105.out;\x15\x15&\xfd\xa5
xortool_out/1106.out;\x15\x15&\xfd\x87
xortool_out/1107.out;\x14\x14'\xfc\xeb
xortool_out/1108.out;\x14\x14'\xfc\xdd
xortool_out/1109.out;\x14\x14'\xfc\xd2
xortool_out/1110.out;\x14\x14'\xfc\xd3
xortool_out/1111.out;\x14\x14'\xfc\xd6
xortool_out/1112.out;\x14\x14'\xfc\xc1
xortool_out/1113.out;\x14\x14'\xfc\xb0
xortool_out/1114.out;\x14\x14'\xfc\xa4
xortool_out/1115.out;\x14\x14'\xfc\x86
xortool_out/1116.out;\x13\x13 \xfb\xec
xortool_out/1117.out;\x13\x13 \xfb\xda
xortool_out/1118.out;\x13\x13 \xfb\xd5
xortool_out/1119.out;\x13\x13 \xfb\xd4
xortool_out/1120.out;\x13\x13 \xfb\xd1
xortool_out/1121.out;\x13\x13 \xfb\xc6
xortool_out/1122.out;\x13\x13 \xfb\xb7
xortool_out/1123.out;\x13\x13 \xfb\xa3
xortool_out/1124.out;\x13\x13 \xfb\x81
xortool_out/1125.out;\x12\x12!\xfa\xed
xortool_out/1126.out;\x12\x12!\xfa\xdb
xortool_out/1127.out;\x12\x12!\xfa\xd4
xortool_out/1128.out;\x12\x12!\xfa\xd5
xortool_out/1129.out;\x12\x12!\xfa\xd0
xortool_out/1130.out;\x12\x12!\xfa\xc7
xortool_out/1131.out;\x12\x12!\xfa\xb6
xortool_out/1132.out;\x12\x12!\xfa\xa2
xortool_out/1133.out;\x12\x12!\xfa\x80
xortool_out/1134.out;\x11\x11"\xf9\xee
xortool_out/1135.out;\x11\x11"\xf9\xd8
xortool_out/1136.out;\x11\x11"\xf9\xd7
xortool_out/1137.out;\x11\x11"\xf9\xd6
xortool_out/1138.out;\x11\x11"\xf9\xd3
xortool_out/1139.out;\x11\x11"\xf9\xc4
xortool_out/1140.out;\x11\x11"\xf9\xb5
xortool_out/1141.out;\x11\x11"\xf9\xa1
xortool_out/1142.out;\x11\x11"\xf9\x83
xortool_out/1143.out;\x10\x10#\xf8\xef
xortool_out/1144.out;\x10\x10#\xf8\xd9
xortool_out/1145.out;\x10\x10#\xf8\xd6
xortool_out/1146.out;\x10\x10#\xf8\xd7
xortool_out/1147.out;\x10\x10#\xf8\xd2
xortool_out/1148.out;\x10\x10#\xf8\xc5
xortool_out/1149.out;\x10\x10#\xf8\xb4
xortool_out/1150.out;\x10\x10#\xf8\xa0
xortool_out/1151.out;\x10\x10#\xf8\x82
xortool_out/1152.out;\xef\xef\xdc\x07\x10
xortool_out/1153.out;\xef\xef\xdc\x07&
xortool_out/1154.out;\xef\xef\xdc\x07)
xortool_out/1155.out;\xef\xef\xdc\x07(
xortool_out/1156.out;\xef\xef\xdc\x07-
xortool_out/1157.out;\xef\xef\xdc\x07:
xortool_out/1158.out;\xef\xef\xdc\x07K
xortool_out/1159.out;\xef\xef\xdc\x07_
xortool_out/1160.out;\xef\xef\xdc\x07}
xortool_out/1161.out;\xee\xee\xdd\x06\x11
xortool_out/1162.out;\xee\xee\xdd\x06'
xortool_out/1163.out;\xee\xee\xdd\x06(
xortool_out/1164.out;\xee\xee\xdd\x06)
xortool_out/1165.out;\xee\xee\xdd\x06,
xortool_out/1166.out;\xee\xee\xdd\x06;
xortool_out/1167.out;\xee\xee\xdd\x06J
xortool_out/1168.out;\xee\xee\xdd\x06^
xortool_out/1169.out;\xee\xee\xdd\x06|
xortool_out/1170.out;\xed\xed\xde\x05\x12
xortool_out/1171.out;\xed\xed\xde\x05$
xortool_out/1172.out;\xed\xed\xde\x05+
xortool_out/1173.out;\xed\xed\xde\x05*
xortool_out/1174.out;\xed\xed\xde\x05\x2f
xortool_out/1175.out;\xed\xed\xde\x058
xortool_out/1176.out;\xed\xed\xde\x05I
xortool_out/1177.out;\xed\xed\xde\x05]
xortool_out/1178.out;\xed\xed\xde\x05\x7f
xortool_out/1179.out;\xec\xec\xdf\x04\x13
xortool_out/1180.out;\xec\xec\xdf\x04%
xortool_out/1181.out;\xec\xec\xdf\x04*
xortool_out/1182.out;\xec\xec\xdf\x04+
xortool_out/1183.out;\xec\xec\xdf\x04.
xortool_out/1184.out;\xec\xec\xdf\x049
xortool_out/1185.out;\xec\xec\xdf\x04H
xortool_out/1186.out;\xec\xec\xdf\x04\\
xortool_out/1187.out;\xec\xec\xdf\x04~
xortool_out/1188.out;\xeb\xeb\xd8\x03\x14
xortool_out/1189.out;\xeb\xeb\xd8\x03"
xortool_out/1190.out;\xeb\xeb\xd8\x03-
xortool_out/1191.out;\xeb\xeb\xd8\x03,
xortool_out/1192.out;\xeb\xeb\xd8\x03)
xortool_out/1193.out;\xeb\xeb\xd8\x03>
xortool_out/1194.out;\xeb\xeb\xd8\x03O
xortool_out/1195.out;\xeb\xeb\xd8\x03[
xortool_out/1196.out;\xeb\xeb\xd8\x03y
xortool_out/1197.out;\xea\xea\xd9\x02\x15
xortool_out/1198.out;\xea\xea\xd9\x02#
xortool_out/1199.out;\xea\xea\xd9\x02,
xortool_out/1200.out;\xea\xea\xd9\x02-
xortool_out/1201.out;\xea\xea\xd9\x02(
xortool_out/1202.out;\xea\xea\xd9\x02?
xortool_out/1203.out;\xea\xea\xd9\x02N
xortool_out/1204.out;\xea\xea\xd9\x02Z
xortool_out/1205.out;\xea\xea\xd9\x02x
xortool_out/1206.out;\xe9\xe9\xda\x01\x16
xortool_out/1207.out;\xe9\xe9\xda\x01 
xortool_out/1208.out;\xe9\xe9\xda\x01\x2f
xortool_out/1209.out;\xe9\xe9\xda\x01.
xortool_out/1210.out;\xe9\xe9\xda\x01+
xortool_out/1211.out;\xe9\xe9\xda\x01<
xortool_out/1212.out;\xe9\xe9\xda\x01M
xortool_out/1213.out;\xe9\xe9\xda\x01Y
xortool_out/1214.out;\xe9\xe9\xda\x01{
xortool_out/1215.out;\xe8\xe8\xdb\x00\x17
xortool_out/1216.out;\xe8\xe8\xdb\x00!
xortool_out/1217.out;\xe8\xe8\xdb\x00.
xortool_out/1218.out;\xe8\xe8\xdb\x00\x2f
xortool_out/1219.out;\xe8\xe8\xdb\x00*
xortool_out/1220.out;\xe8\xe8\xdb\x00=
xortool_out/1221.out;\xe8\xe8\xdb\x00L
xortool_out/1222.out;\xe8\xe8\xdb\x00X
xortool_out/1223.out;\xe8\xe8\xdb\x00z
xortool_out/1224.out;\xe7\xe7\xd4\x0f\x18
xortool_out/1225.out;\xe7\xe7\xd4\x0f.
xortool_out/1226.out;\xe7\xe7\xd4\x0f!
xortool_out/1227.out;\xe7\xe7\xd4\x0f 
xortool_out/1228.out;\xe7\xe7\xd4\x0f%
xortool_out/1229.out;\xe7\xe7\xd4\x0f2
xortool_out/1230.out;\xe7\xe7\xd4\x0fC
xortool_out/1231.out;\xe7\xe7\xd4\x0fW
xortool_out/1232.out;\xe7\xe7\xd4\x0fu
xortool_out/1233.out;\xe6\xe6\xd5\x0e\x19
xortool_out/1234.out;\xe6\xe6\xd5\x0e\x2f
xortool_out/1235.out;\xe6\xe6\xd5\x0e 
xortool_out/1236.out;\xe6\xe6\xd5\x0e!
xortool_out/1237.out;\xe6\xe6\xd5\x0e$
xortool_out/1238.out;\xe6\xe6\xd5\x0e3
xortool_out/1239.out;\xe6\xe6\xd5\x0eB
xortool_out/1240.out;\xe6\xe6\xd5\x0eV
xortool_out/1241.out;\xe6\xe6\xd5\x0et
xortool_out/1242.out;\xe5\xe5\xd6\r\x1a
xortool_out/1243.out;\xe5\xe5\xd6\r,
xortool_out/1244.out;\xe5\xe5\xd6\r#
xortool_out/1245.out;\xe5\xe5\xd6\r"
xortool_out/1246.out;\xe5\xe5\xd6\r'
xortool_out/1247.out;\xe5\xe5\xd6\r0
xortool_out/1248.out;\xe5\xe5\xd6\rA
xortool_out/1249.out;\xe5\xe5\xd6\rU
xortool_out/1250.out;\xe5\xe5\xd6\rw
xortool_out/1251.out;\xe4\xe4\xd7\x0c\x1b
xortool_out/1252.out;\xe4\xe4\xd7\x0c-
xortool_out/1253.out;\xe4\xe4\xd7\x0c"
xortool_out/1254.out;\xe4\xe4\xd7\x0c#
xortool_out/1255.out;\xe4\xe4\xd7\x0c&
xortool_out/1256.out;\xe4\xe4\xd7\x0c1
xortool_out/1257.out;\xe4\xe4\xd7\x0c@
xortool_out/1258.out;\xe4\xe4\xd7\x0cT
xortool_out/1259.out;\xe4\xe4\xd7\x0cv
xortool_out/1260.out;\xe3\xe3\xd0\x0b\x1c
xortool_out/1261.out;\xe3\xe3\xd0\x0b*
xortool_out/1262.out;\xe3\xe3\xd0\x0b%
xortool_out/1263.out;\xe3\xe3\xd0\x0b$
xortool_out/1264.out;\xe3\xe3\xd0\x0b!
xortool_out/1265.out;\xe3\xe3\xd0\x0b6
xortool_out/1266.out;\xe3\xe3\xd0\x0bG
xortool_out/1267.out;\xe3\xe3\xd0\x0bS
xortool_out/1268.out;\xe3\xe3\xd0\x0bq
xortool_out/1269.out;\xe2\xe2\xd1\n\x1d
xortool_out/1270.out;\xe2\xe2\xd1\n+
xortool_out/1271.out;\xe2\xe2\xd1\n$
xortool_out/1272.out;\xe2\xe2\xd1\n%
xortool_out/1273.out;\xe2\xe2\xd1\n 
xortool_out/1274.out;\xe2\xe2\xd1\n7
xortool_out/1275.out;\xe2\xe2\xd1\nF
xortool_out/1276.out;\xe2\xe2\xd1\nR
xortool_out/1277.out;\xe2\xe2\xd1\np
xortool_out/1278.out;\xe1\xe1\xd2\t\x1e
xortool_out/1279.out;\xe1\xe1\xd2\t(
xortool_out/1280.out;\xe1\xe1\xd2\t'
xortool_out/1281.out;\xe1\xe1\xd2\t&
xortool_out/1282.out;\xe1\xe1\xd2\t#
xortool_out/1283.out;\xe1\xe1\xd2\t4
xortool_out/1284.out;\xe1\xe1\xd2\tE
xortool_out/1285.out;\xe1\xe1\xd2\tQ
xortool_out/1286.out;\xe1\xe1\xd2\ts
xortool_out/1287.out;\xe0\xe0\xd3\x08\x1f
xortool_out/1288.out;\xe0\xe0\xd3\x08)
xortool_out/1289.out;\xe0\xe0\xd3\x08&
xortool_out/1290.out;\xe0\xe0\xd3\x08'
xortool_out/1291.out;\xe0\xe0\xd3\x08"
xortool_out/1292.out;\xe0\xe0\xd3\x085
xortool_out/1293.out;\xe0\xe0\xd3\x08D
xortool_out/1294.out;\xe0\xe0\xd3\x08P
xortool_out/1295.out;\xe0\xe0\xd3\x08r
xortool_out/1296.out;\xff\xff\xcc\x17\x00
xortool_out/1297.out;\xff\xff\xcc\x176
xortool_out/1298.out;\xff\xff\xcc\x179
xortool_out/1299.out;\xff\xff\xcc\x178
xortool_out/1300.out;\xff\xff\xcc\x17=
xortool_out/1301.out;\xff\xff\xcc\x17*
xortool_out/1302.out;\xff\xff\xcc\x17[
xortool_out/1303.out;\xff\xff\xcc\x17O
xortool_out/1304.out;\xff\xff\xcc\x17m
xortool_out/1305.out;\xfe\xfe\xcd\x16\x01
xortool_out/1306.out;\xfe\xfe\xcd\x167
xortool_out/1307.out;\xfe\xfe\xcd\x168
xortool_out/1308.out;\xfe\xfe\xcd\x169
xortool_out/1309.out;\xfe\xfe\xcd\x16<
xortool_out/1310.out;\xfe\xfe\xcd\x16+
xortool_out/1311.out;\xfe\xfe\xcd\x16Z
xortool_out/1312.out;\xfe\xfe\xcd\x16N
xortool_out/1313.out;\xfe\xfe\xcd\x16l
xortool_out/1314.out;\xfd\xfd\xce\x15\x02
xortool_out/1315.out;\xfd\xfd\xce\x154
xortool_out/1316.out;\xfd\xfd\xce\x15;
xortool_out/1317.out;\xfd\xfd\xce\x15:
xortool_out/1318.out;\xfd\xfd\xce\x15?
xortool_out/1319.out;\xfd\xfd\xce\x15(
xortool_out/1320.out;\xfd\xfd\xce\x15Y
xortool_out/1321.out;\xfd\xfd\xce\x15M
xortool_out/1322.out;\xfd\xfd\xce\x15o
xortool_out/1323.out;\xfc\xfc\xcf\x14\x03
xortool_out/1324.out;\xfc\xfc\xcf\x145
xortool_out/1325.out;\xfc\xfc\xcf\x14:
xortool_out/1326.out;\xfc\xfc\xcf\x14;
xortool_out/1327.out;\xfc\xfc\xcf\x14>
xortool_out/1328.out;\xfc\xfc\xcf\x14)
xortool_out/1329.out;\xfc\xfc\xcf\x14X
xortool_out/1330.out;\xfc\xfc\xcf\x14L
xortool_out/1331.out;\xfc\xfc\xcf\x14n
xortool_out/1332.out;\xfb\xfb\xc8\x13\x04
xortool_out/1333.out;\xfb\xfb\xc8\x132
xortool_out/1334.out;\xfb\xfb\xc8\x13=
xortool_out/1335.out;\xfb\xfb\xc8\x13<
xortool_out/1336.out;\xfb\xfb\xc8\x139
xortool_out/1337.out;\xfb\xfb\xc8\x13.
xortool_out/1338.out;\xfb\xfb\xc8\x13_
xortool_out/1339.out;\xfb\xfb\xc8\x13K
xortool_out/1340.out;\xfb\xfb\xc8\x13i
xortool_out/1341.out;\xfa\xfa\xc9\x12\x05
xortool_out/1342.out;\xfa\xfa\xc9\x123
xortool_out/1343.out;\xfa\xfa\xc9\x12<
xortool_out/1344.out;\xfa\xfa\xc9\x12=
xortool_out/1345.out;\xfa\xfa\xc9\x128
xortool_out/1346.out;\xfa\xfa\xc9\x12\x2f
xortool_out/1347.out;\xfa\xfa\xc9\x12^
xortool_out/1348.out;\xfa\xfa\xc9\x12J
xortool_out/1349.out;\xfa\xfa\xc9\x12h
xortool_out/1350.out;\xf9\xf9\xca\x11\x06
xortool_out/1351.out;\xf9\xf9\xca\x110
xortool_out/1352.out;\xf9\xf9\xca\x11?
xortool_out/1353.out;\xf9\xf9\xca\x11>
xortool_out/1354.out;\xf9\xf9\xca\x11;
xortool_out/1355.out;\xf9\xf9\xca\x11,
xortool_out/1356.out;\xf9\xf9\xca\x11]
xortool_out/1357.out;\xf9\xf9\xca\x11I
xortool_out/1358.out;\xf9\xf9\xca\x11k
xortool_out/1359.out;\xf8\xf8\xcb\x10\x07
xortool_out/1360.out;\xf8\xf8\xcb\x101
xortool_out/1361.out;\xf8\xf8\xcb\x10>
xortool_out/1362.out;\xf8\xf8\xcb\x10?
xortool_out/1363.out;\xf8\xf8\xcb\x10:
xortool_out/1364.out;\xf8\xf8\xcb\x10-
xortool_out/1365.out;\xf8\xf8\xcb\x10\\
xortool_out/1366.out;\xf8\xf8\xcb\x10H
xortool_out/1367.out;\xf8\xf8\xcb\x10j
xortool_out/1368.out;\xf7\xf7\xc4\x1f\x08
xortool_out/1369.out;\xf7\xf7\xc4\x1f>
xortool_out/1370.out;\xf7\xf7\xc4\x1f1
xortool_out/1371.out;\xf7\xf7\xc4\x1f0
xortool_out/1372.out;\xf7\xf7\xc4\x1f5
xortool_out/1373.out;\xf7\xf7\xc4\x1f"
xortool_out/1374.out;\xf7\xf7\xc4\x1fS
xortool_out/1375.out;\xf7\xf7\xc4\x1fG
xortool_out/1376.out;\xf7\xf7\xc4\x1fe
xortool_out/1377.out;\xf6\xf6\xc5\x1e\t
xortool_out/1378.out;\xf6\xf6\xc5\x1e?
xortool_out/1379.out;\xf6\xf6\xc5\x1e0
xortool_out/1380.out;\xf6\xf6\xc5\x1e1
xortool_out/1381.out;\xf6\xf6\xc5\x1e4
xortool_out/1382.out;\xf6\xf6\xc5\x1e#
xortool_out/1383.out;\xf6\xf6\xc5\x1eR
xortool_out/1384.out;\xf6\xf6\xc5\x1eF
xortool_out/1385.out;\xf6\xf6\xc5\x1ed
xortool_out/1386.out;\xf5\xf5\xc6\x1d\n
xortool_out/1387.out;\xf5\xf5\xc6\x1d<
xortool_out/1388.out;\xf5\xf5\xc6\x1d3
xortool_out/1389.out;\xf5\xf5\xc6\x1d2
xortool_out/1390.out;\xf5\xf5\xc6\x1d7
xortool_out/1391.out;\xf5\xf5\xc6\x1d 
xortool_out/1392.out;\xf5\xf5\xc6\x1dQ
xortool_out/1393.out;\xf5\xf5\xc6\x1dE
xortool_out/1394.out;\xf5\xf5\xc6\x1dg
xortool_out/1395.out;\xf4\xf4\xc7\x1c\x0b
xortool_out/1396.out;\xf4\xf4\xc7\x1c=
xortool_out/1397.out;\xf4\xf4\xc7\x1c2
xortool_out/1398.out;\xf4\xf4\xc7\x1c3
xortool_out/1399.out;\xf4\xf4\xc7\x1c6
xortool_out/1400.out;\xf4\xf4\xc7\x1c!
xortool_out/1401.out;\xf4\xf4\xc7\x1cP
xortool_out/1402.out;\xf4\xf4\xc7\x1cD
xortool_out/1403.out;\xf4\xf4\xc7\x1cf
xortool_out/1404.out;\xf3\xf3\xc0\x1b\x0c
xortool_out/1405.out;\xf3\xf3\xc0\x1b:
xortool_out/1406.out;\xf3\xf3\xc0\x1b5
xortool_out/1407.out;\xf3\xf3\xc0\x1b4
xortool_out/1408.out;\xf3\xf3\xc0\x1b1
xortool_out/1409.out;\xf3\xf3\xc0\x1b&
xortool_out/1410.out;\xf3\xf3\xc0\x1bW
xortool_out/1411.out;\xf3\xf3\xc0\x1bC
xortool_out/1412.out;\xf3\xf3\xc0\x1ba
xortool_out/1413.out;\xf2\xf2\xc1\x1a\r
xortool_out/1414.out;\xf2\xf2\xc1\x1a;
xortool_out/1415.out;\xf2\xf2\xc1\x1a4
xortool_out/1416.out;\xf2\xf2\xc1\x1a5
xortool_out/1417.out;\xf2\xf2\xc1\x1a0
xortool_out/1418.out;\xf2\xf2\xc1\x1a'
xortool_out/1419.out;\xf2\xf2\xc1\x1aV
xortool_out/1420.out;\xf2\xf2\xc1\x1aB
xortool_out/1421.out;\xf2\xf2\xc1\x1a`
xortool_out/1422.out;\xf1\xf1\xc2\x19\x0e
xortool_out/1423.out;\xf1\xf1\xc2\x198
xortool_out/1424.out;\xf1\xf1\xc2\x197
xortool_out/1425.out;\xf1\xf1\xc2\x196
xortool_out/1426.out;\xf1\xf1\xc2\x193
xortool_out/1427.out;\xf1\xf1\xc2\x19$
xortool_out/1428.out;\xf1\xf1\xc2\x19U
xortool_out/1429.out;\xf1\xf1\xc2\x19A
xortool_out/1430.out;\xf1\xf1\xc2\x19c
xortool_out/1431.out;\xf0\xf0\xc3\x18\x0f
xortool_out/1432.out;\xf0\xf0\xc3\x189
xortool_out/1433.out;\xf0\xf0\xc3\x186
xortool_out/1434.out;\xf0\xf0\xc3\x187
xortool_out/1435.out;\xf0\xf0\xc3\x182
xortool_out/1436.out;\xf0\xf0\xc3\x18%
xortool_out/1437.out;\xf0\xf0\xc3\x18T
xortool_out/1438.out;\xf0\xf0\xc3\x18@
xortool_out/1439.out;\xf0\xf0\xc3\x18b
xortool_out/1440.out;\xcf\xcf\xfc'0
xortool_out/1441.out;\xcf\xcf\xfc'\x06
xortool_out/1442.out;\xcf\xcf\xfc'\t
xortool_out/1443.out;\xcf\xcf\xfc'\x08
xortool_out/1444.out;\xcf\xcf\xfc'\r
xortool_out/1445.out;\xcf\xcf\xfc'\x1a
xortool_out/1446.out;\xcf\xcf\xfc'k
xortool_out/1447.out;\xcf\xcf\xfc'\x7f
xortool_out/1448.out;\xcf\xcf\xfc']
xortool_out/1449.out;\xce\xce\xfd&1
xortool_out/1450.out;\xce\xce\xfd&\x07
xortool_out/1451.out;\xce\xce\xfd&\x08
xortool_out/1452.out;\xce\xce\xfd&\t
xortool_out/1453.out;\xce\xce\xfd&\x0c
xortool_out/1454.out;\xce\xce\xfd&\x1b
xortool_out/1455.out;\xce\xce\xfd&j
xortool_out/1456.out;\xce\xce\xfd&~
xortool_out/1457.out;\xce\xce\xfd&\\
xortool_out/1458.out;\xcd\xcd\xfe%2
xortool_out/1459.out;\xcd\xcd\xfe%\x04
xortool_out/1460.out;\xcd\xcd\xfe%\x0b
xortool_out/1461.out;\xcd\xcd\xfe%\n
xortool_out/1462.out;\xcd\xcd\xfe%\x0f
xortool_out/1463.out;\xcd\xcd\xfe%\x18
xortool_out/1464.out;\xcd\xcd\xfe%i
xortool_out/1465.out;\xcd\xcd\xfe%}
xortool_out/1466.out;\xcd\xcd\xfe%_
xortool_out/1467.out;\xcc\xcc\xff$3
xortool_out/1468.out;\xcc\xcc\xff$\x05
xortool_out/1469.out;\xcc\xcc\xff$\n
xortool_out/1470.out;\xcc\xcc\xff$\x0b
xortool_out/1471.out;\xcc\xcc\xff$\x0e
xortool_out/1472.out;\xcc\xcc\xff$\x19
xortool_out/1473.out;\xcc\xcc\xff$h
xortool_out/1474.out;\xcc\xcc\xff$|
xortool_out/1475.out;\xcc\xcc\xff$^
xortool_out/1476.out;\xcb\xcb\xf8#4
xortool_out/1477.out;\xcb\xcb\xf8#\x02
xortool_out/1478.out;\xcb\xcb\xf8#\r
xortool_out/1479.out;\xcb\xcb\xf8#\x0c
xortool_out/1480.out;\xcb\xcb\xf8#\t
xortool_out/1481.out;\xcb\xcb\xf8#\x1e
xortool_out/1482.out;\xcb\xcb\xf8#o
xortool_out/1483.out;\xcb\xcb\xf8#{
xortool_out/1484.out;\xcb\xcb\xf8#Y
xortool_out/1485.out;\xca\xca\xf9"5
xortool_out/1486.out;\xca\xca\xf9"\x03
xortool_out/1487.out;\xca\xca\xf9"\x0c
xortool_out/1488.out;\xca\xca\xf9"\r
xortool_out/1489.out;\xca\xca\xf9"\x08
xortool_out/1490.out;\xca\xca\xf9"\x1f
xortool_out/1491.out;\xca\xca\xf9"n
xortool_out/1492.out;\xca\xca\xf9"z
xortool_out/1493.out;\xca\xca\xf9"X
xortool_out/1494.out;\xc9\xc9\xfa!6
xortool_out/1495.out;\xc9\xc9\xfa!\x00
xortool_out/1496.out;\xc9\xc9\xfa!\x0f
xortool_out/1497.out;\xc9\xc9\xfa!\x0e
xortool_out/1498.out;\xc9\xc9\xfa!\x0b
xortool_out/1499.out;\xc9\xc9\xfa!\x1c
xortool_out/1500.out;\xc9\xc9\xfa!m
xortool_out/1501.out;\xc9\xc9\xfa!y
xortool_out/1502.out;\xc9\xc9\xfa![
xortool_out/1503.out;\xc8\xc8\xfb 7
xortool_out/1504.out;\xc8\xc8\xfb \x01
xortool_out/1505.out;\xc8\xc8\xfb \x0e
xortool_out/1506.out;\xc8\xc8\xfb \x0f
xortool_out/1507.out;\xc8\xc8\xfb \n
xortool_out/1508.out;\xc8\xc8\xfb \x1d
xortool_out/1509.out;\xc8\xc8\xfb l
xortool_out/1510.out;\xc8\xc8\xfb x
xortool_out/1511.out;\xc8\xc8\xfb Z
xortool_out/1512.out;\xc7\xc7\xf4\x2f8
xortool_out/1513.out;\xc7\xc7\xf4\x2f\x0e
xortool_out/1514.out;\xc7\xc7\xf4\x2f\x01
xortool_out/1515.out;\xc7\xc7\xf4\x2f\x00
xortool_out/1516.out;\xc7\xc7\xf4\x2f\x05
xortool_out/1517.out;\xc7\xc7\xf4\x2f\x12
xortool_out/1518.out;\xc7\xc7\xf4\x2fc
xortool_out/1519.out;\xc7\xc7\xf4\x2fw
xortool_out/1520.out;\xc7\xc7\xf4\x2fU
xortool_out/1521.out;\xc6\xc6\xf5.9
xortool_out/1522.out;\xc6\xc6\xf5.\x0f
xortool_out/1523.out;\xc6\xc6\xf5.\x00
xortool_out/1524.out;\xc6\xc6\xf5.\x01
xortool_out/1525.out;\xc6\xc6\xf5.\x04
xortool_out/1526.out;\xc6\xc6\xf5.\x13
xortool_out/1527.out;\xc6\xc6\xf5.b
xortool_out/1528.out;\xc6\xc6\xf5.v
xortool_out/1529.out;\xc6\xc6\xf5.T
xortool_out/1530.out;\xc5\xc5\xf6-:
xortool_out/1531.out;\xc5\xc5\xf6-\x0c
xortool_out/1532.out;\xc5\xc5\xf6-\x03
xortool_out/1533.out;\xc5\xc5\xf6-\x02
xortool_out/1534.out;\xc5\xc5\xf6-\x07
xortool_out/1535.out;\xc5\xc5\xf6-\x10
xortool_out/1536.out;\xc5\xc5\xf6-a
xortool_out/1537.out;\xc5\xc5\xf6-u
xortool_out/1538.out;\xc5\xc5\xf6-W
xortool_out/1539.out;\xc4\xc4\xf7,;
xortool_out/1540.out;\xc4\xc4\xf7,\r
xortool_out/1541.out;\xc4\xc4\xf7,\x02
xortool_out/1542.out;\xc4\xc4\xf7,\x03
xortool_out/1543.out;\xc4\xc4\xf7,\x06
xortool_out/1544.out;\xc4\xc4\xf7,\x11
xortool_out/1545.out;\xc4\xc4\xf7,`
xortool_out/1546.out;\xc4\xc4\xf7,t
xortool_out/1547.out;\xc4\xc4\xf7,V
xortool_out/1548.out;\xc3\xc3\xf0+<
xortool_out/1549.out;\xc3\xc3\xf0+\n
xortool_out/1550.out;\xc3\xc3\xf0+\x05
xortool_out/1551.out;\xc3\xc3\xf0+\x04
xortool_out/1552.out;\xc3\xc3\xf0+\x01
xortool_out/1553.out;\xc3\xc3\xf0+\x16
xortool_out/1554.out;\xc3\xc3\xf0+g
xortool_out/1555.out;\xc3\xc3\xf0+s
xortool_out/1556.out;\xc3\xc3\xf0+Q
xortool_out/1557.out;\xc2\xc2\xf1*=
xortool_out/1558.out;\xc2\xc2\xf1*\x0b
xortool_out/1559.out;\xc2\xc2\xf1*\x04
xortool_out/1560.out;\xc2\xc2\xf1*\x05
xortool_out/1561.out;\xc2\xc2\xf1*\x00
xortool_out/1562.out;\xc2\xc2\xf1*\x17
xortool_out/1563.out;\xc2\xc2\xf1*f
xortool_out/1564.out;\xc2\xc2\xf1*r
xortool_out/1565.out;\xc2\xc2\xf1*P
xortool_out/1566.out;\xc1\xc1\xf2)>
xortool_out/1567.out;\xc1\xc1\xf2)\x08
xortool_out/1568.out;\xc1\xc1\xf2)\x07
xortool_out/1569.out;\xc1\xc1\xf2)\x06
xortool_out/1570.out;\xc1\xc1\xf2)\x03
xortool_out/1571.out;\xc1\xc1\xf2)\x14
xortool_out/1572.out;\xc1\xc1\xf2)e
xortool_out/1573.out;\xc1\xc1\xf2)q
xortool_out/1574.out;\xc1\xc1\xf2)S
xortool_out/1575.out;\xc0\xc0\xf3(?
xortool_out/1576.out;\xc0\xc0\xf3(\t
xortool_out/1577.out;\xc0\xc0\xf3(\x06
xortool_out/1578.out;\xc0\xc0\xf3(\x07
xortool_out/1579.out;\xc0\xc0\xf3(\x02
xortool_out/1580.out;\xc0\xc0\xf3(\x15
xortool_out/1581.out;\xc0\xc0\xf3(d
xortool_out/1582.out;\xc0\xc0\xf3(p
xortool_out/1583.out;\xc0\xc0\xf3(R
xortool_out/1584.out;\xdf\xdf\xec7 
xortool_out/1585.out;\xdf\xdf\xec7\x16
xortool_out/1586.out;\xdf\xdf\xec7\x19
xortool_out/1587.out;\xdf\xdf\xec7\x18
xortool_out/1588.out;\xdf\xdf\xec7\x1d
xortool_out/1589.out;\xdf\xdf\xec7\n
xortool_out/1590.out;\xdf\xdf\xec7{
xortool_out/1591.out;\xdf\xdf\xec7o
xortool_out/1592.out;\xdf\xdf\xec7M
xortool_out/1593.out;\xde\xde\xed6!
xortool_out/1594.out;\xde\xde\xed6\x17
xortool_out/1595.out;\xde\xde\xed6\x18
xortool_out/1596.out;\xde\xde\xed6\x19
xortool_out/1597.out;\xde\xde\xed6\x1c
xortool_out/1598.out;\xde\xde\xed6\x0b
xortool_out/1599.out;\xde\xde\xed6z
xortool_out/1600.out;\xde\xde\xed6n
xortool_out/1601.out;\xde\xde\xed6L
xortool_out/1602.out;\xdd\xdd\xee5"
xortool_out/1603.out;\xdd\xdd\xee5\x14
xortool_out/1604.out;\xdd\xdd\xee5\x1b
xortool_out/1605.out;\xdd\xdd\xee5\x1a
xortool_out/1606.out;\xdd\xdd\xee5\x1f
xortool_out/1607.out;\xdd\xdd\xee5\x08
xortool_out/1608.out;\xdd\xdd\xee5y
xortool_out/1609.out;\xdd\xdd\xee5m
xortool_out/1610.out;\xdd\xdd\xee5O
xortool_out/1611.out;\xdc\xdc\xef4#
xortool_out/1612.out;\xdc\xdc\xef4\x15
xortool_out/1613.out;\xdc\xdc\xef4\x1a
xortool_out/1614.out;\xdc\xdc\xef4\x1b
xortool_out/1615.out;\xdc\xdc\xef4\x1e
xortool_out/1616.out;\xdc\xdc\xef4\t
xortool_out/1617.out;\xdc\xdc\xef4x
xortool_out/1618.out;\xdc\xdc\xef4l
xortool_out/1619.out;\xdc\xdc\xef4N
xortool_out/1620.out;\xdb\xdb\xe83$
xortool_out/1621.out;\xdb\xdb\xe83\x12
xortool_out/1622.out;\xdb\xdb\xe83\x1d
xortool_out/1623.out;\xdb\xdb\xe83\x1c
xortool_out/1624.out;\xdb\xdb\xe83\x19
xortool_out/1625.out;\xdb\xdb\xe83\x0e
xortool_out/1626.out;\xdb\xdb\xe83\x7f
xortool_out/1627.out;\xdb\xdb\xe83k
xortool_out/1628.out;\xdb\xdb\xe83I
xortool_out/1629.out;\xda\xda\xe92%
xortool_out/1630.out;\xda\xda\xe92\x13
xortool_out/1631.out;\xda\xda\xe92\x1c
xortool_out/1632.out;\xda\xda\xe92\x1d
xortool_out/1633.out;\xda\xda\xe92\x18
xortool_out/1634.out;\xda\xda\xe92\x0f
xortool_out/1635.out;\xda\xda\xe92~
xortool_out/1636.out;\xda\xda\xe92j
xortool_out/1637.out;\xda\xda\xe92H
xortool_out/1638.out;\xd9\xd9\xea1&
xortool_out/1639.out;\xd9\xd9\xea1\x10
xortool_out/1640.out;\xd9\xd9\xea1\x1f
xortool_out/1641.out;\xd9\xd9\xea1\x1e
xortool_out/1642.out;\xd9\xd9\xea1\x1b
xortool_out/1643.out;\xd9\xd9\xea1\x0c
xortool_out/1644.out;\xd9\xd9\xea1}
xortool_out/1645.out;\xd9\xd9\xea1i
xortool_out/1646.out;\xd9\xd9\xea1K
xortool_out/1647.out;\xd8\xd8\xeb0'
xortool_out/1648.out;\xd8\xd8\xeb0\x11
xortool_out/1649.out;\xd8\xd8\xeb0\x1e
xortool_out/1650.out;\xd8\xd8\xeb0\x1f
xortool_out/1651.out;\xd8\xd8\xeb0\x1a
xortool_out/1652.out;\xd8\xd8\xeb0\r
xortool_out/1653.out;\xd8\xd8\xeb0|
xortool_out/1654.out;\xd8\xd8\xeb0h
xortool_out/1655.out;\xd8\xd8\xeb0J
xortool_out/1656.out;\xd7\xd7\xe4?(
xortool_out/1657.out;\xd7\xd7\xe4?\x1e
xortool_out/1658.out;\xd7\xd7\xe4?\x11
xortool_out/1659.out;\xd7\xd7\xe4?\x10
xortool_out/1660.out;\xd7\xd7\xe4?\x15
xortool_out/1661.out;\xd7\xd7\xe4?\x02
xortool_out/1662.out;\xd7\xd7\xe4?s
xortool_out/1663.out;\xd7\xd7\xe4?g
xortool_out/1664.out;\xd7\xd7\xe4?E
xortool_out/1665.out;\xd6\xd6\xe5>)
xortool_out/1666.out;\xd6\xd6\xe5>\x1f
xortool_out/1667.out;\xd6\xd6\xe5>\x10
xortool_out/1668.out;\xd6\xd6\xe5>\x11
xortool_out/1669.out;\xd6\xd6\xe5>\x14
xortool_out/1670.out;\xd6\xd6\xe5>\x03
xortool_out/1671.out;\xd6\xd6\xe5>r
xortool_out/1672.out;\xd6\xd6\xe5>f
xortool_out/1673.out;\xd6\xd6\xe5>D
xortool_out/1674.out;\xd5\xd5\xe6=*
xortool_out/1675.out;\xd5\xd5\xe6=\x1c
xortool_out/1676.out;\xd5\xd5\xe6=\x13
xortool_out/1677.out;\xd5\xd5\xe6=\x12
xortool_out/1678.out;\xd5\xd5\xe6=\x17
xortool_out/1679.out;\xd5\xd5\xe6=\x00
xortool_out/1680.out;\xd5\xd5\xe6=q
xortool_out/1681.out;\xd5\xd5\xe6=e
xortool_out/1682.out;\xd5\xd5\xe6=G
xortool_out/1683.out;\xd4\xd4\xe7<+
xortool_out/1684.out;\xd4\xd4\xe7<\x1d
xortool_out/1685.out;\xd4\xd4\xe7<\x12
xortool_out/1686.out;\xd4\xd4\xe7<\x13
xortool_out/1687.out;\xd4\xd4\xe7<\x16
xortool_out/1688.out;\xd4\xd4\xe7<\x01
xortool_out/1689.out;\xd4\xd4\xe7<p
xortool_out/1690.out;\xd4\xd4\xe7<d
xortool_out/1691.out;\xd4\xd4\xe7<F
xortool_out/1692.out;\xd3\xd3\xe0;,
xortool_out/1693.out;\xd3\xd3\xe0;\x1a
xortool_out/1694.out;\xd3\xd3\xe0;\x15
xortool_out/1695.out;\xd3\xd3\xe0;\x14
xortool_out/1696.out;\xd3\xd3\xe0;\x11
xortool_out/1697.out;\xd3\xd3\xe0;\x06
xortool_out/1698.out;\xd3\xd3\xe0;w
xortool_out/1699.out;\xd3\xd3\xe0;c
xortool_out/1700.out;\xd3\xd3\xe0;A
xortool_out/1701.out;\xd2\xd2\xe1:-
xortool_out/1702.out;\xd2\xd2\xe1:\x1b
xortool_out/1703.out;\xd2\xd2\xe1:\x14
xortool_out/1704.out;\xd2\xd2\xe1:\x15
xortool_out/1705.out;\xd2\xd2\xe1:\x10
xortool_out/1706.out;\xd2\xd2\xe1:\x07
xortool_out/1707.out;\xd2\xd2\xe1:v
xortool_out/1708.out;\xd2\xd2\xe1:b
xortool_out/1709.out;\xd2\xd2\xe1:@
xortool_out/1710.out;\xd1\xd1\xe29.
xortool_out/1711.out;\xd1\xd1\xe29\x18
xortool_out/1712.out;\xd1\xd1\xe29\x17
xortool_out/1713.out;\xd1\xd1\xe29\x16
xortool_out/1714.out;\xd1\xd1\xe29\x13
xortool_out/1715.out;\xd1\xd1\xe29\x04
xortool_out/1716.out;\xd1\xd1\xe29u
xortool_out/1717.out;\xd1\xd1\xe29a
xortool_out/1718.out;\xd1\xd1\xe29C
xortool_out/1719.out;\xd0\xd0\xe38\x2f
xortool_out/1720.out;\xd0\xd0\xe38\x19
xortool_out/1721.out;\xd0\xd0\xe38\x16
xortool_out/1722.out;\xd0\xd0\xe38\x17
xortool_out/1723.out;\xd0\xd0\xe38\x12
xortool_out/1724.out;\xd0\xd0\xe38\x05
xortool_out/1725.out;\xd0\xd0\xe38t
xortool_out/1726.out;\xd0\xd0\xe38`
xortool_out/1727.out;\xd0\xd0\xe38B
xortool_out/1728.out;\xaf\xaf\x9cGP
xortool_out/1729.out;\xaf\xaf\x9cGf
xortool_out/1730.out;\xaf\xaf\x9cGi
xortool_out/1731.out;\xaf\xaf\x9cGh
xortool_out/1732.out;\xaf\xaf\x9cGm
xortool_out/1733.out;\xaf\xaf\x9cGz
xortool_out/1734.out;\xaf\xaf\x9cG\x0b
xortool_out/1735.out;\xaf\xaf\x9cG\x1f
xortool_out/1736.out;\xaf\xaf\x9cG=
xortool_out/1737.out;\xae\xae\x9dFQ
xortool_out/1738.out;\xae\xae\x9dFg
xortool_out/1739.out;\xae\xae\x9dFh
xortool_out/1740.out;\xae\xae\x9dFi
xortool_out/1741.out;\xae\xae\x9dFl
xortool_out/1742.out;\xae\xae\x9dF{
xortool_out/1743.out;\xae\xae\x9dF\n
xortool_out/1744.out;\xae\xae\x9dF\x1e
xortool_out/1745.out;\xae\xae\x9dF<
xortool_out/1746.out;\xad\xad\x9eER
xortool_out/1747.out;\xad\xad\x9eEd
xortool_out/1748.out;\xad\xad\x9eEk
xortool_out/1749.out;\xad\xad\x9eEj
xortool_out/1750.out;\xad\xad\x9eEo
xortool_out/1751.out;\xad\xad\x9eEx
xortool_out/1752.out;\xad\xad\x9eE\t
xortool_out/1753.out;\xad\xad\x9eE\x1d
xortool_out/1754.out;\xad\xad\x9eE?
xortool_out/1755.out;\xac\xac\x9fDS
xortool_out/1756.out;\xac\xac\x9fDe
xortool_out/1757.out;\xac\xac\x9fDj
xortool_out/1758.out;\xac\xac\x9fDk
xortool_out/1759.out;\xac\xac\x9fDn
xortool_out/1760.out;\xac\xac\x9fDy
xortool_out/1761.out;\xac\xac\x9fD\x08
xortool_out/1762.out;\xac\xac\x9fD\x1c
xortool_out/1763.out;\xac\xac\x9fD>
xortool_out/1764.out;\xab\xab\x98CT
xortool_out/1765.out;\xab\xab\x98Cb
xortool_out/1766.out;\xab\xab\x98Cm
xortool_out/1767.out;\xab\xab\x98Cl
xortool_out/1768.out;\xab\xab\x98Ci
xortool_out/1769.out;\xab\xab\x98C~
xortool_out/1770.out;\xab\xab\x98C\x0f
xortool_out/1771.out;\xab\xab\x98C\x1b
xortool_out/1772.out;\xab\xab\x98C9
xortool_out/1773.out;\xaa\xaa\x99BU
xortool_out/1774.out;\xaa\xaa\x99Bc
xortool_out/1775.out;\xaa\xaa\x99Bl
xortool_out/1776.out;\xaa\xaa\x99Bm
xortool_out/1777.out;\xaa\xaa\x99Bh
xortool_out/1778.out;\xaa\xaa\x99B\x7f
xortool_out/1779.out;\xaa\xaa\x99B\x0e
xortool_out/1780.out;\xaa\xaa\x99B\x1a
xortool_out/1781.out;\xaa\xaa\x99B8
xortool_out/1782.out;\xa9\xa9\x9aAV
xortool_out/1783.out;\xa9\xa9\x9aA`
xortool_out/1784.out;\xa9\xa9\x9aAo
xortool_out/1785.out;\xa9\xa9\x9aAn
xortool_out/1786.out;\xa9\xa9\x9aAk
xortool_out/1787.out;\xa9\xa9\x9aA|
xortool_out/1788.out;\xa9\xa9\x9aA\r
xortool_out/1789.out;\xa9\xa9\x9aA\x19
xortool_out/1790.out;\xa9\xa9\x9aA;
xortool_out/1791.out;\xa8\xa8\x9b@W
xortool_out/1792.out;\xa8\xa8\x9b@a
xortool_out/1793.out;\xa8\xa8\x9b@n
xortool_out/1794.out;\xa8\xa8\x9b@o
xortool_out/1795.out;\xa8\xa8\x9b@j
xortool_out/1796.out;\xa8\xa8\x9b@}
xortool_out/1797.out;\xa8\xa8\x9b@\x0c
xortool_out/1798.out;\xa8\xa8\x9b@\x18
xortool_out/1799.out;\xa8\xa8\x9b@:
xortool_out/1800.out;\xa7\xa7\x94OX
xortool_out/1801.out;\xa7\xa7\x94On
xortool_out/1802.out;\xa7\xa7\x94Oa
xortool_out/1803.out;\xa7\xa7\x94O`
xortool_out/1804.out;\xa7\xa7\x94Oe
xortool_out/1805.out;\xa7\xa7\x94Or
xortool_out/1806.out;\xa7\xa7\x94O\x03
xortool_out/1807.out;\xa7\xa7\x94O\x17
xortool_out/1808.out;\xa7\xa7\x94O5
xortool_out/1809.out;\xa6\xa6\x95NY
xortool_out/1810.out;\xa6\xa6\x95No
xortool_out/1811.out;\xa6\xa6\x95N`
xortool_out/1812.out;\xa6\xa6\x95Na
xortool_out/1813.out;\xa6\xa6\x95Nd
xortool_out/1814.out;\xa6\xa6\x95Ns
xortool_out/1815.out;\xa6\xa6\x95N\x02
xortool_out/1816.out;\xa6\xa6\x95N\x16
xortool_out/1817.out;\xa6\xa6\x95N4
xortool_out/1818.out;\xa5\xa5\x96MZ
xortool_out/1819.out;\xa5\xa5\x96Ml
xortool_out/1820.out;\xa5\xa5\x96Mc
xortool_out/1821.out;\xa5\xa5\x96Mb
xortool_out/1822.out;\xa5\xa5\x96Mg
xortool_out/1823.out;\xa5\xa5\x96Mp
xortool_out/1824.out;\xa5\xa5\x96M\x01
xortool_out/1825.out;\xa5\xa5\x96M\x15
xortool_out/1826.out;\xa5\xa5\x96M7
xortool_out/1827.out;\xa4\xa4\x97L[
xortool_out/1828.out;\xa4\xa4\x97Lm
xortool_out/1829.out;\xa4\xa4\x97Lb
xortool_out/1830.out;\xa4\xa4\x97Lc
xortool_out/1831.out;\xa4\xa4\x97Lf
xortool_out/1832.out;\xa4\xa4\x97Lq
xortool_out/1833.out;\xa4\xa4\x97L\x00
xortool_out/1834.out;\xa4\xa4\x97L\x14
xortool_out/1835.out;\xa4\xa4\x97L6
xortool_out/1836.out;\xa3\xa3\x90K\\
xortool_out/1837.out;\xa3\xa3\x90Kj
xortool_out/1838.out;\xa3\xa3\x90Ke
xortool_out/1839.out;\xa3\xa3\x90Kd
xortool_out/1840.out;\xa3\xa3\x90Ka
xortool_out/1841.out;\xa3\xa3\x90Kv
xortool_out/1842.out;\xa3\xa3\x90K\x07
xortool_out/1843.out;\xa3\xa3\x90K\x13
xortool_out/1844.out;\xa3\xa3\x90K1
xortool_out/1845.out;\xa2\xa2\x91J]
xortool_out/1846.out;\xa2\xa2\x91Jk
xortool_out/1847.out;\xa2\xa2\x91Jd
xortool_out/1848.out;\xa2\xa2\x91Je
xortool_out/1849.out;\xa2\xa2\x91J`
xortool_out/1850.out;\xa2\xa2\x91Jw
xortool_out/1851.out;\xa2\xa2\x91J\x06
xortool_out/1852.out;\xa2\xa2\x91J\x12
xortool_out/1853.out;\xa2\xa2\x91J0
xortool_out/1854.out;\xa1\xa1\x92I^
xortool_out/1855.out;\xa1\xa1\x92Ih
xortool_out/1856.out;\xa1\xa1\x92Ig
xortool_out/1857.out;\xa1\xa1\x92If
xortool_out/1858.out;\xa1\xa1\x92Ic
xortool_out/1859.out;\xa1\xa1\x92It
xortool_out/1860.out;\xa1\xa1\x92I\x05
xortool_out/1861.out;\xa1\xa1\x92I\x11
xortool_out/1862.out;\xa1\xa1\x92I3
xortool_out/1863.out;\xa0\xa0\x93H_
xortool_out/1864.out;\xa0\xa0\x93Hi
xortool_out/1865.out;\xa0\xa0\x93Hf
xortool_out/1866.out;\xa0\xa0\x93Hg
xortool_out/1867.out;\xa0\xa0\x93Hb
xortool_out/1868.out;\xa0\xa0\x93Hu
xortool_out/1869.out;\xa0\xa0\x93H\x04
xortool_out/1870.out;\xa0\xa0\x93H\x10
xortool_out/1871.out;\xa0\xa0\x93H2
xortool_out/1872.out;\xbf\xbf\x8cW@
xortool_out/1873.out;\xbf\xbf\x8cWv
xortool_out/1874.out;\xbf\xbf\x8cWy
xortool_out/1875.out;\xbf\xbf\x8cWx
xortool_out/1876.out;\xbf\xbf\x8cW}
xortool_out/1877.out;\xbf\xbf\x8cWj
xortool_out/1878.out;\xbf\xbf\x8cW\x1b
xortool_out/1879.out;\xbf\xbf\x8cW\x0f
xortool_out/1880.out;\xbf\xbf\x8cW-
xortool_out/1881.out;\xbe\xbe\x8dVA
xortool_out/1882.out;\xbe\xbe\x8dVw
xortool_out/1883.out;\xbe\xbe\x8dVx
xortool_out/1884.out;\xbe\xbe\x8dVy
xortool_out/1885.out;\xbe\xbe\x8dV|
xortool_out/1886.out;\xbe\xbe\x8dVk
xortool_out/1887.out;\xbe\xbe\x8dV\x1a
xortool_out/1888.out;\xbe\xbe\x8dV\x0e
xortool_out/1889.out;\xbe\xbe\x8dV,
xortool_out/1890.out;\xbd\xbd\x8eUB
xortool_out/1891.out;\xbd\xbd\x8eUt
xortool_out/1892.out;\xbd\xbd\x8eU{
xortool_out/1893.out;\xbd\xbd\x8eUz
xortool_out/1894.out;\xbd\xbd\x8eU\x7f
xortool_out/1895.out;\xbd\xbd\x8eUh
xortool_out/1896.out;\xbd\xbd\x8eU\x19
xortool_out/1897.out;\xbd\xbd\x8eU\r
xortool_out/1898.out;\xbd\xbd\x8eU\x2f
xortool_out/1899.out;\xbc\xbc\x8fTC
xortool_out/1900.out;\xbc\xbc\x8fTu
xortool_out/1901.out;\xbc\xbc\x8fTz
xortool_out/1902.out;\xbc\xbc\x8fT{
xortool_out/1903.out;\xbc\xbc\x8fT~
xortool_out/1904.out;\xbc\xbc\x8fTi
xortool_out/1905.out;\xbc\xbc\x8fT\x18
xortool_out/1906.out;\xbc\xbc\x8fT\x0c
xortool_out/1907.out;\xbc\xbc\x8fT.
xortool_out/1908.out;\xbb\xbb\x88SD
xortool_out/1909.out;\xbb\xbb\x88Sr
xortool_out/1910.out;\xbb\xbb\x88S}
xortool_out/1911.out;\xbb\xbb\x88S|
xortool_out/1912.out;\xbb\xbb\x88Sy
xortool_out/1913.out;\xbb\xbb\x88Sn
xortool_out/1914.out;\xbb\xbb\x88S\x1f
xortool_out/1915.out;\xbb\xbb\x88S\x0b
xortool_out/1916.out;\xbb\xbb\x88S)
xortool_out/1917.out;\xba\xba\x89RE
xortool_out/1918.out;\xba\xba\x89Rs
xortool_out/1919.out;\xba\xba\x89R|
xortool_out/1920.out;\xba\xba\x89R}
xortool_out/1921.out;\xba\xba\x89Rx
xortool_out/1922.out;\xba\xba\x89Ro
xortool_out/1923.out;\xba\xba\x89R\x1e
xortool_out/1924.out;\xba\xba\x89R\n
xortool_out/1925.out;\xba\xba\x89R(
xortool_out/1926.out;\xb9\xb9\x8aQF
xortool_out/1927.out;\xb9\xb9\x8aQp
xortool_out/1928.out;\xb9\xb9\x8aQ\x7f
xortool_out/1929.out;\xb9\xb9\x8aQ~
xortool_out/1930.out;\xb9\xb9\x8aQ{
xortool_out/1931.out;\xb9\xb9\x8aQl
xortool_out/1932.out;\xb9\xb9\x8aQ\x1d
xortool_out/1933.out;\xb9\xb9\x8aQ\t
xortool_out/1934.out;\xb9\xb9\x8aQ+
xortool_out/1935.out;\xb8\xb8\x8bPG
xortool_out/1936.out;\xb8\xb8\x8bPq
xortool_out/1937.out;\xb8\xb8\x8bP~
xortool_out/1938.out;\xb8\xb8\x8bP\x7f
xortool_out/1939.out;\xb8\xb8\x8bPz
xortool_out/1940.out;\xb8\xb8\x8bPm
xortool_out/1941.out;\xb8\xb8\x8bP\x1c
xortool_out/1942.out;\xb8\xb8\x8bP\x08
xortool_out/1943.out;\xb8\xb8\x8bP*
xortool_out/1944.out;\xb7\xb7\x84_H
xortool_out/1945.out;\xb7\xb7\x84_~
xortool_out/1946.out;\xb7\xb7\x84_q
xortool_out/1947.out;\xb7\xb7\x84_p
xortool_out/1948.out;\xb7\xb7\x84_u
xortool_out/1949.out;\xb7\xb7\x84_b
xortool_out/1950.out;\xb7\xb7\x84_\x13
xortool_out/1951.out;\xb7\xb7\x84_\x07
xortool_out/1952.out;\xb7\xb7\x84_%
xortool_out/1953.out;\xb6\xb6\x85^I
xortool_out/1954.out;\xb6\xb6\x85^\x7f
xortool_out/1955.out;\xb6\xb6\x85^p
xortool_out/1956.out;\xb6\xb6\x85^q
xortool_out/1957.out;\xb6\xb6\x85^t
xortool_out/1958.out;\xb6\xb6\x85^c
xortool_out/1959.out;\xb6\xb6\x85^\x12
xortool_out/1960.out;\xb6\xb6\x85^\x06
xortool_out/1961.out;\xb6\xb6\x85^$
xortool_out/1962.out;\xb5\xb5\x86]J
xortool_out/1963.out;\xb5\xb5\x86]|
xortool_out/1964.out;\xb5\xb5\x86]s
xortool_out/1965.out;\xb5\xb5\x86]r
xortool_out/1966.out;\xb5\xb5\x86]w
xortool_out/1967.out;\xb5\xb5\x86]`
xortool_out/1968.out;\xb5\xb5\x86]\x11
xortool_out/1969.out;\xb5\xb5\x86]\x05
xortool_out/1970.out;\xb5\xb5\x86]'
xortool_out/1971.out;\xb4\xb4\x87\\K
xortool_out/1972.out;\xb4\xb4\x87\\}
xortool_out/1973.out;\xb4\xb4\x87\\r
xortool_out/1974.out;\xb4\xb4\x87\\s
xortool_out/1975.out;\xb4\xb4\x87\\v
xortool_out/1976.out;\xb4\xb4\x87\\a
xortool_out/1977.out;\xb4\xb4\x87\\\x10
xortool_out/1978.out;\xb4\xb4\x87\\\x04
xortool_out/1979.out;\xb4\xb4\x87\\&
xortool_out/1980.out;\xb3\xb3\x80[L
xortool_out/1981.out;\xb3\xb3\x80[z
xortool_out/1982.out;\xb3\xb3\x80[u
xortool_out/1983.out;\xb3\xb3\x80[t
xortool_out/1984.out;\xb3\xb3\x80[q
xortool_out/1985.out;\xb3\xb3\x80[f
xortool_out/1986.out;\xb3\xb3\x80[\x17
xortool_out/1987.out;\xb3\xb3\x80[\x03
xortool_out/1988.out;\xb3\xb3\x80[!
xortool_out/1989.out;\xb2\xb2\x81ZM
xortool_out/1990.out;\xb2\xb2\x81Z{
xortool_out/1991.out;\xb2\xb2\x81Zt
xortool_out/1992.out;\xb2\xb2\x81Zu
xortool_out/1993.out;\xb2\xb2\x81Zp
xortool_out/1994.out;\xb2\xb2\x81Zg
xortool_out/1995.out;\xb2\xb2\x81Z\x16
xortool_out/1996.out;\xb2\xb2\x81Z\x02
xortool_out/1997.out;\xb2\xb2\x81Z 
xortool_out/1998.out;\xb1\xb1\x82YN
xortool_out/1999.out;\xb1\xb1\x82Yx
xortool_out/2000.out;\xb1\xb1\x82Yw
xortool_out/2001.out;\xb1\xb1\x82Yv
xortool_out/2002.out;\xb1\xb1\x82Ys
xortool_out/2003.out;\xb1\xb1\x82Yd
xortool_out/2004.out;\xb1\xb1\x82Y\x15
xortool_out/2005.out;\xb1\xb1\x82Y\x01
xortool_out/2006.out;\xb1\xb1\x82Y#
xortool_out/2007.out;\xb0\xb0\x83XO
xortool_out/2008.out;\xb0\xb0\x83Xy
xortool_out/2009.out;\xb0\xb0\x83Xv
xortool_out/2010.out;\xb0\xb0\x83Xw
xortool_out/2011.out;\xb0\xb0\x83Xr
xortool_out/2012.out;\xb0\xb0\x83Xe
xortool_out/2013.out;\xb0\xb0\x83X\x14
xortool_out/2014.out;\xb0\xb0\x83X\x00
xortool_out/2015.out;\xb0\xb0\x83X"
xortool_out/2016.out;\x8f\x8f\xbcgp
xortool_out/2017.out;\x8f\x8f\xbcgF
xortool_out/2018.out;\x8f\x8f\xbcgI
xortool_out/2019.out;\x8f\x8f\xbcgH
xortool_out/2020.out;\x8f\x8f\xbcgM
xortool_out/2021.out;\x8f\x8f\xbcgZ
xortool_out/2022.out;\x8f\x8f\xbcg+
xortool_out/2023.out;\x8f\x8f\xbcg?
xortool_out/2024.out;\x8f\x8f\xbcg\x1d
xortool_out/2025.out;\x8e\x8e\xbdfq
xortool_out/2026.out;\x8e\x8e\xbdfG
xortool_out/2027.out;\x8e\x8e\xbdfH
xortool_out/2028.out;\x8e\x8e\xbdfI
xortool_out/2029.out;\x8e\x8e\xbdfL
xortool_out/2030.out;\x8e\x8e\xbdf[
xortool_out/2031.out;\x8e\x8e\xbdf*
xortool_out/2032.out;\x8e\x8e\xbdf>
xortool_out/2033.out;\x8e\x8e\xbdf\x1c
xortool_out/2034.out;\x8d\x8d\xbeer
xortool_out/2035.out;\x8d\x8d\xbeeD
xortool_out/2036.out;\x8d\x8d\xbeeK
xortool_out/2037.out;\x8d\x8d\xbeeJ
xortool_out/2038.out;\x8d\x8d\xbeeO
xortool_out/2039.out;\x8d\x8d\xbeeX
xortool_out/2040.out;\x8d\x8d\xbee)
xortool_out/2041.out;\x8d\x8d\xbee=
xortool_out/2042.out;\x8d\x8d\xbee\x1f
xortool_out/2043.out;\x8c\x8c\xbfds
xortool_out/2044.out;\x8c\x8c\xbfdE
xortool_out/2045.out;\x8c\x8c\xbfdJ
xortool_out/2046.out;\x8c\x8c\xbfdK
xortool_out/2047.out;\x8c\x8c\xbfdN
xortool_out/2048.out;\x8c\x8c\xbfdY
xortool_out/2049.out;\x8c\x8c\xbfd(
xortool_out/2050.out;\x8c\x8c\xbfd<
xortool_out/2051.out;\x8c\x8c\xbfd\x1e
xortool_out/2052.out;\x8b\x8b\xb8ct
xortool_out/2053.out;\x8b\x8b\xb8cB
xortool_out/2054.out;\x8b\x8b\xb8cM
xortool_out/2055.out;\x8b\x8b\xb8cL
xortool_out/2056.out;\x8b\x8b\xb8cI
xortool_out/2057.out;\x8b\x8b\xb8c^
xortool_out/2058.out;\x8b\x8b\xb8c\x2f
xortool_out/2059.out;\x8b\x8b\xb8c;
xortool_out/2060.out;\x8b\x8b\xb8c\x19
xortool_out/2061.out;\x8a\x8a\xb9bu
xortool_out/2062.out;\x8a\x8a\xb9bC
xortool_out/2063.out;\x8a\x8a\xb9bL
xortool_out/2064.out;\x8a\x8a\xb9bM
xortool_out/2065.out;\x8a\x8a\xb9bH
xortool_out/2066.out;\x8a\x8a\xb9b_
xortool_out/2067.out;\x8a\x8a\xb9b.
xortool_out/2068.out;\x8a\x8a\xb9b:
xortool_out/2069.out;\x8a\x8a\xb9b\x18
xortool_out/2070.out;\x89\x89\xbaav
xortool_out/2071.out;\x89\x89\xbaa@
xortool_out/2072.out;\x89\x89\xbaaO
xortool_out/2073.out;\x89\x89\xbaaN
xortool_out/2074.out;\x89\x89\xbaaK
xortool_out/2075.out;\x89\x89\xbaa\\
xortool_out/2076.out;\x89\x89\xbaa-
xortool_out/2077.out;\x89\x89\xbaa9
xortool_out/2078.out;\x89\x89\xbaa\x1b
xortool_out/2079.out;\x88\x88\xbb`w
xortool_out/2080.out;\x88\x88\xbb`A
xortool_out/2081.out;\x88\x88\xbb`N
xortool_out/2082.out;\x88\x88\xbb`O
xortool_out/2083.out;\x88\x88\xbb`J
xortool_out/2084.out;\x88\x88\xbb`]
xortool_out/2085.out;\x88\x88\xbb`,
xortool_out/2086.out;\x88\x88\xbb`8
xortool_out/2087.out;\x88\x88\xbb`\x1a
xortool_out/2088.out;\x87\x87\xb4ox
xortool_out/2089.out;\x87\x87\xb4oN
xortool_out/2090.out;\x87\x87\xb4oA
xortool_out/2091.out;\x87\x87\xb4o@
xortool_out/2092.out;\x87\x87\xb4oE
xortool_out/2093.out;\x87\x87\xb4oR
xortool_out/2094.out;\x87\x87\xb4o#
xortool_out/2095.out;\x87\x87\xb4o7
xortool_out/2096.out;\x87\x87\xb4o\x15
xortool_out/2097.out;\x86\x86\xb5ny
xortool_out/2098.out;\x86\x86\xb5nO
xortool_out/2099.out;\x86\x86\xb5n@
xortool_out/2100.out;\x86\x86\xb5nA
xortool_out/2101.out;\x86\x86\xb5nD
xortool_out/2102.out;\x86\x86\xb5nS
xortool_out/2103.out;\x86\x86\xb5n"
xortool_out/2104.out;\x86\x86\xb5n6
xortool_out/2105.out;\x86\x86\xb5n\x14
xortool_out/2106.out;\x85\x85\xb6mz
xortool_out/2107.out;\x85\x85\xb6mL
xortool_out/2108.out;\x85\x85\xb6mC
xortool_out/2109.out;\x85\x85\xb6mB
xortool_out/2110.out;\x85\x85\xb6mG
xortool_out/2111.out;\x85\x85\xb6mP
xortool_out/2112.out;\x85\x85\xb6m!
xortool_out/2113.out;\x85\x85\xb6m5
xortool_out/2114.out;\x85\x85\xb6m\x17
xortool_out/2115.out;\x84\x84\xb7l{
xortool_out/2116.out;\x84\x84\xb7lM
xortool_out/2117.out;\x84\x84\xb7lB
xortool_out/2118.out;\x84\x84\xb7lC
xortool_out/2119.out;\x84\x84\xb7lF
xortool_out/2120.out;\x84\x84\xb7lQ
xortool_out/2121.out;\x84\x84\xb7l 
xortool_out/2122.out;\x84\x84\xb7l4
xortool_out/2123.out;\x84\x84\xb7l\x16
xortool_out/2124.out;\x83\x83\xb0k|
xortool_out/2125.out;\x83\x83\xb0kJ
xortool_out/2126.out;\x83\x83\xb0kE
xortool_out/2127.out;\x83\x83\xb0kD
xortool_out/2128.out;\x83\x83\xb0kA
xortool_out/2129.out;\x83\x83\xb0kV
xortool_out/2130.out;\x83\x83\xb0k'
xortool_out/2131.out;\x83\x83\xb0k3
xortool_out/2132.out;\x83\x83\xb0k\x11
xortool_out/2133.out;\x82\x82\xb1j}
xortool_out/2134.out;\x82\x82\xb1jK
xortool_out/2135.out;\x82\x82\xb1jD
xortool_out/2136.out;\x82\x82\xb1jE
xortool_out/2137.out;\x82\x82\xb1j@
xortool_out/2138.out;\x82\x82\xb1jW
xortool_out/2139.out;\x82\x82\xb1j&
xortool_out/2140.out;\x82\x82\xb1j2
xortool_out/2141.out;\x82\x82\xb1j\x10
xortool_out/2142.out;\x81\x81\xb2i~
xortool_out/2143.out;\x81\x81\xb2iH
xortool_out/2144.out;\x81\x81\xb2iG
xortool_out/2145.out;\x81\x81\xb2iF
xortool_out/2146.out;\x81\x81\xb2iC
xortool_out/2147.out;\x81\x81\xb2iT
xortool_out/2148.out;\x81\x81\xb2i%
xortool_out/2149.out;\x81\x81\xb2i1
xortool_out/2150.out;\x81\x81\xb2i\x13
xortool_out/2151.out;\x80\x80\xb3h\x7f
xortool_out/2152.out;\x80\x80\xb3hI
xortool_out/2153.out;\x80\x80\xb3hF
xortool_out/2154.out;\x80\x80\xb3hG
xortool_out/2155.out;\x80\x80\xb3hB
xortool_out/2156.out;\x80\x80\xb3hU
xortool_out/2157.out;\x80\x80\xb3h$
xortool_out/2158.out;\x80\x80\xb3h0
xortool_out/2159.out;\x80\x80\xb3h\x12
xortool_out/2160.out;\x9f\x9f\xacw`
xortool_out/2161.out;\x9f\x9f\xacwV
xortool_out/2162.out;\x9f\x9f\xacwY
xortool_out/2163.out;\x9f\x9f\xacwX
xortool_out/2164.out;\x9f\x9f\xacw]
xortool_out/2165.out;\x9f\x9f\xacwJ
xortool_out/2166.out;\x9f\x9f\xacw;
xortool_out/2167.out;\x9f\x9f\xacw\x2f
xortool_out/2168.out;\x9f\x9f\xacw\r
xortool_out/2169.out;\x9e\x9e\xadva
xortool_out/2170.out;\x9e\x9e\xadvW
xortool_out/2171.out;\x9e\x9e\xadvX
xortool_out/2172.out;\x9e\x9e\xadvY
xortool_out/2173.out;\x9e\x9e\xadv\\
xortool_out/2174.out;\x9e\x9e\xadvK
xortool_out/2175.out;\x9e\x9e\xadv:
xortool_out/2176.out;\x9e\x9e\xadv.
xortool_out/2177.out;\x9e\x9e\xadv\x0c
xortool_out/2178.out;\x9d\x9d\xaeub
xortool_out/2179.out;\x9d\x9d\xaeuT
xortool_out/2180.out;\x9d\x9d\xaeu[
xortool_out/2181.out;\x9d\x9d\xaeuZ
xortool_out/2182.out;\x9d\x9d\xaeu_
xortool_out/2183.out;\x9d\x9d\xaeuH
xortool_out/2184.out;\x9d\x9d\xaeu9
xortool_out/2185.out;\x9d\x9d\xaeu-
xortool_out/2186.out;\x9d\x9d\xaeu\x0f
xortool_out/2187.out;\x9c\x9c\xaftc
xortool_out/2188.out;\x9c\x9c\xaftU
xortool_out/2189.out;\x9c\x9c\xaftZ
xortool_out/2190.out;\x9c\x9c\xaft[
xortool_out/2191.out;\x9c\x9c\xaft^
xortool_out/2192.out;\x9c\x9c\xaftI
xortool_out/2193.out;\x9c\x9c\xaft8
xortool_out/2194.out;\x9c\x9c\xaft,
xortool_out/2195.out;\x9c\x9c\xaft\x0e
xortool_out/2196.out;\x9b\x9b\xa8sd
xortool_out/2197.out;\x9b\x9b\xa8sR
xortool_out/2198.out;\x9b\x9b\xa8s]
xortool_out/2199.out;\x9b\x9b\xa8s\\
xortool_out/2200.out;\x9b\x9b\xa8sY
xortool_out/2201.out;\x9b\x9b\xa8sN
xortool_out/2202.out;\x9b\x9b\xa8s?
xortool_out/2203.out;\x9b\x9b\xa8s+
xortool_out/2204.out;\x9b\x9b\xa8s\t
xortool_out/2205.out;\x9a\x9a\xa9re
xortool_out/2206.out;\x9a\x9a\xa9rS
xortool_out/2207.out;\x9a\x9a\xa9r\\
xortool_out/2208.out;\x9a\x9a\xa9r]
xortool_out/2209.out;\x9a\x9a\xa9rX
xortool_out/2210.out;\x9a\x9a\xa9rO
xortool_out/2211.out;\x9a\x9a\xa9r>
xortool_out/2212.out;\x9a\x9a\xa9r*
xortool_out/2213.out;\x9a\x9a\xa9r\x08
xortool_out/2214.out;\x99\x99\xaaqf
xortool_out/2215.out;\x99\x99\xaaqP
xortool_out/2216.out;\x99\x99\xaaq_
xortool_out/2217.out;\x99\x99\xaaq^
xortool_out/2218.out;\x99\x99\xaaq[
xortool_out/2219.out;\x99\x99\xaaqL
xortool_out/2220.out;\x99\x99\xaaq=
xortool_out/2221.out;\x99\x99\xaaq)
xortool_out/2222.out;\x99\x99\xaaq\x0b
xortool_out/2223.out;\x98\x98\xabpg
xortool_out/2224.out;\x98\x98\xabpQ
xortool_out/2225.out;\x98\x98\xabp^
xortool_out/2226.out;\x98\x98\xabp_
xortool_out/2227.out;\x98\x98\xabpZ
xortool_out/2228.out;\x98\x98\xabpM
xortool_out/2229.out;\x98\x98\xabp<
xortool_out/2230.out;\x98\x98\xabp(
xortool_out/2231.out;\x98\x98\xabp\n
xortool_out/2232.out;\x97\x97\xa4\x7fh
xortool_out/2233.out;\x97\x97\xa4\x7f^
xortool_out/2234.out;\x97\x97\xa4\x7fQ
xortool_out/2235.out;\x97\x97\xa4\x7fP
xortool_out/2236.out;\x97\x97\xa4\x7fU
xortool_out/2237.out;\x97\x97\xa4\x7fB
xortool_out/2238.out;\x97\x97\xa4\x7f3
xortool_out/2239.out;\x97\x97\xa4\x7f'
xortool_out/2240.out;\x97\x97\xa4\x7f\x05
xortool_out/2241.out;\x96\x96\xa5~i
xortool_out/2242.out;\x96\x96\xa5~_
xortool_out/2243.out;\x96\x96\xa5~P
xortool_out/2244.out;\x96\x96\xa5~Q
xortool_out/2245.out;\x96\x96\xa5~T
xortool_out/2246.out;\x96\x96\xa5~C
xortool_out/2247.out;\x96\x96\xa5~2
xortool_out/2248.out;\x96\x96\xa5~&
xortool_out/2249.out;\x96\x96\xa5~\x04
xortool_out/2250.out;\x95\x95\xa6}j
xortool_out/2251.out;\x95\x95\xa6}\\
xortool_out/2252.out;\x95\x95\xa6}S
xortool_out/2253.out;\x95\x95\xa6}R
xortool_out/2254.out;\x95\x95\xa6}W
xortool_out/2255.out;\x95\x95\xa6}@
xortool_out/2256.out;\x95\x95\xa6}1
xortool_out/2257.out;\x95\x95\xa6}%
xortool_out/2258.out;\x95\x95\xa6}\x07
xortool_out/2259.out;\x94\x94\xa7|k
xortool_out/2260.out;\x94\x94\xa7|]
xortool_out/2261.out;\x94\x94\xa7|R
xortool_out/2262.out;\x94\x94\xa7|S
xortool_out/2263.out;\x94\x94\xa7|V
xortool_out/2264.out;\x94\x94\xa7|A
xortool_out/2265.out;\x94\x94\xa7|0
xortool_out/2266.out;\x94\x94\xa7|$
xortool_out/2267.out;\x94\x94\xa7|\x06
xortool_out/2268.out;\x93\x93\xa0{l
xortool_out/2269.out;\x93\x93\xa0{Z
xortool_out/2270.out;\x93\x93\xa0{U
xortool_out/2271.out;\x93\x93\xa0{T
xortool_out/2272.out;\x93\x93\xa0{Q
xortool_out/2273.out;\x93\x93\xa0{F
xortool_out/2274.out;\x93\x93\xa0{7
xortool_out/2275.out;\x93\x93\xa0{#
xortool_out/2276.out;\x93\x93\xa0{\x01
xortool_out/2277.out;\x92\x92\xa1zm
xortool_out/2278.out;\x92\x92\xa1z[
xortool_out/2279.out;\x92\x92\xa1zT
xortool_out/2280.out;\x92\x92\xa1zU
xortool_out/2281.out;\x92\x92\xa1zP
xortool_out/2282.out;\x92\x92\xa1zG
xortool_out/2283.out;\x92\x92\xa1z6
xortool_out/2284.out;\x92\x92\xa1z"
xortool_out/2285.out;\x92\x92\xa1z\x00
xortool_out/2286.out;\x91\x91\xa2yn
xortool_out/2287.out;\x91\x91\xa2yX
xortool_out/2288.out;\x91\x91\xa2yW
xortool_out/2289.out;\x91\x91\xa2yV
xortool_out/2290.out;\x91\x91\xa2yS
xortool_out/2291.out;\x91\x91\xa2yD
xortool_out/2292.out;\x91\x91\xa2y5
xortool_out/2293.out;\x91\x91\xa2y!
xortool_out/2294.out;\x91\x91\xa2y\x03
xortool_out/2295.out;\x90\x90\xa3xo
xortool_out/2296.out;\x90\x90\xa3xY
xortool_out/2297.out;\x90\x90\xa3xV
xortool_out/2298.out;\x90\x90\xa3xW
xortool_out/2299.out;\x90\x90\xa3xR
xortool_out/2300.out;\x90\x90\xa3xE
xortool_out/2301.out;\x90\x90\xa3x4
xortool_out/2302.out;\x90\x90\xa3x 
xortool_out/2303.out;\x90\x90\xa3x\x02
